RecordId,Group,File,Format,Bytes,Sha256
D0001,01_method_current,data/01_method_current/D0001.json,JSON,990282,7f5ee8925a757ef640076e663de1b31a40da998d99b8145d1c45e4deb92cd2bc
D0002,01_method_current,data/01_method_current/D0002.json,JSON,2917,59a641a6ceaf21a18bc42e009fb5957e1fb7ab83c1ac97b8e46c3782bb76af9a
D0003,01_method_current,data/01_method_current/D0003.json,JSON,2044,2a12f944517a53d4307cae6ab3413a544a4090cf13aa732330645d886d6befe1
D0004,01_method_current,data/01_method_current/D0004.json,JSON,8607,30b0152446e4265ec8ba4ee37864e62cf4b99a86bade86c5a0f9ec2612b6b218
D0006,01_method_current,data/01_method_current/D0006.json,JSON,176545,dc07c7002a0a90e145b58b17ebe2bbee4056ff4c5c319180240cf9b765a2f487
D0007,01_method_current,data/01_method_current/D0007.json,JSON,5668,cd66133ba3ed759062c15517a34668090becb8004be35de5926bc1ea72a8e184
D0008,01_method_current,data/01_method_current/D0008.csv,CSV,736,af32efe10ca41ba838b3cfb7f005c01546b3f52dbd0b7047c442b259043f6145
D0009,01_method_current,data/01_method_current/D0009.csv,CSV,560,c06e4cf23dfa916299b8ebf7159daf06978f4431587a6be137fb7dce61629040
D0010,01_method_current,data/01_method_current/D0010.json,JSON,12431,10d81c6348c9efe48137ff96d59f3e7dfdae194257e074805eec8652997f0b6f
D0011,01_method_current,data/01_method_current/D0011.json,JSON,12431,10d81c6348c9efe48137ff96d59f3e7dfdae194257e074805eec8652997f0b6f
D0012,01_method_current,data/01_method_current/D0012.json,JSON,89824,39374c4679b8512a83d38e7f694917b0cd94186c7e189422834770bfc1a2a5fe
D0013,01_method_current,data/01_method_current/D0013.json,JSON,15420,465c1683582b87de45e871b6007974a58becc822cc87e73722536dba9fb0fb62
D0014,01_method_current,data/01_method_current/D0014.json,JSON,335591,fc0f4931229371dd12707a6c21c44c9fa16ce1460b3f6a055f697ee5aaccc755
D0015,01_method_current,data/01_method_current/D0015.json,JSON,3805,7a9f08b0604c0dbd068defd03eb82fe67071779a9b3272d96f35cdec02ab50cd
D0016,01_method_current,data/01_method_current/D0016.json,JSON,1258,2e866a4b69b5fb9a0b337ea4ce58b111a40626d230199eafa53d80eb923fba57
D0017,01_method_current,data/01_method_current/D0017.json,JSON,23119,82b469d0e174326be3331a277771608968f8c461fc3af57bc10cf73f36b25cf6
D0018,01_method_current,data/01_method_current/D0018.json,JSON,2016,338e0a61cd0fb5b32c5be9550732ffbeb87fc5ec386e3b27e4c2da356b12a6f0
D0019,01_method_current,data/01_method_current/D0019.json,JSON,2628,ee4bd92635a0c8a5ee7d3ea1eac1421bfcbef12c4e80f0e7baefe86da9e5ec34
D0020,01_method_current,data/01_method_current/D0020.json,JSON,3992,4001dfb0225411523a29ec947eb8cd5508c7493429206662281c0cd4cae01ace
D0021,01_method_current,data/01_method_current/D0021.json,JSON,2652,d1a0f0bc451e66c603ea3f5a5ca5e80a850d3b9253ff28d477cabda97e8a9761
D0022,01_method_current,data/01_method_current/D0022.json,JSON,3975,0aa90deb17745e4843cc38d37d1bf85e2b2212e22b338c20761f1b12ea20fd5d
D0023,01_method_current,data/01_method_current/D0023.json,JSON,2615,6b8e1f1afd97620892ca9e739ab947ab8f7fb7165983858c00f8a864855ce9f6
D0024,01_method_current,data/01_method_current/D0024.json,JSON,3963,0c8cfd8e15ff03c09478c59f591165575213bd04492cb2545da3779c6ceb2e92
D0025,01_method_current,data/01_method_current/D0025.json,JSON,1979,aedef5447ecd3087a90f4243622588c50fdb13f91d4c3fd83879292ccfde9f56
D0026,01_method_current,data/01_method_current/D0026.json,JSON,1994,9c99755cac8858325d7025ac26e25e3ff21f70e17f5b92cb26a7e4212794cb43
D0027,01_method_current,data/01_method_current/D0027.json,JSON,27912,68f959ec627466a1777a0e58051a216cbdbebf3feed70e9178ac78890b1bf138
D0028,01_method_current,data/01_method_current/D0028.json,JSON,440,9d78b93640467d9bbc691bd8baeb95d8ec7a8191ee0e50849c80950f359b94fa
D0029,01_method_current,data/01_method_current/D0029.json,JSON,185858,1bbcb6bd89389740ac42ce18ee799de80a7f959dc7e9875acc533012579c1bc6
D0030,01_method_current,data/01_method_current/D0030.json,JSON,10920,cd981f762a60d627894d4995da1ddfd0cd3349ed62c64076ee1440a6741d5fb2
D0031,01_method_current,data/01_method_current/D0031.json,JSON,1595,a92493a0f8bf404e42f9b2525165df0fe69efa632a4417e31a13aa1f2a77833a
D0032,01_method_current,data/01_method_current/D0032.json,JSON,8757,d45717995cc72b8c3ba84e1cb154dfed451fc112dc08c93900443e272d0f0acd
D0033,01_method_current,data/01_method_current/D0033.json,JSON,3882,6a1c7514ee9c0b41f5e1b116777eea4e6e860a7e00d7eb9fc34a93cf74d2d918
D0034,01_method_current,data/01_method_current/D0034.json,JSON,1075,4cb2a9ed2ed6139a5387487f6df243d4f70ed22e5709ae954231c592df970055
D0035,01_method_current,data/01_method_current/D0035.json,JSON,8757,d45717995cc72b8c3ba84e1cb154dfed451fc112dc08c93900443e272d0f0acd
D0036,01_method_current,data/01_method_current/D0036.json,JSON,5728,fb292408e832eb6947fd3d1f21deda7f8ac7a1cd47a59e24668d9e7a09d5b04f
D0037,01_method_current,data/01_method_current/D0037.json,JSON,7562,04d6c04b69a3eb33127ac8fc3500bf7a0110cdf245d8dfa1b0b2d49ed615e276
D0038,01_method_current,data/01_method_current/D0038.json,JSON,5758,22a0e89bbc8536a3cfa2e4db72510eb106c2637cfb1d31f308d2febf646730d6
D0039,01_method_current,data/01_method_current/D0039.json,JSON,36179,b03489d236a26296dc6dc6a498b19beb88d41c9b98a5893e346883994b435af6
D0040,01_method_current,data/01_method_current/D0040.json,JSON,31014,839adf93859a9d042783ad4fc7aa762dde84997cc25e3e72d5d84cd014c1546b
D0041,01_method_current,data/01_method_current/D0041.json,JSON,36249,acc3314b2147f4cce18d892c6c4f24b4e8c02400f58a51d34143c83231357bc9
D0042,01_method_current,data/01_method_current/D0042.json,JSON,30744,cfa5883b5082279aefd61ef568569790aa3cfd0ce72e87744a9e3ab4bbc3be37
D0043,01_method_current,data/01_method_current/D0043.csv,CSV,1202,00b71b3ecdcc4984e722e407f90743a11403b05477e7e6c1950b1b0cdf03eb3b
D0044,01_method_current,data/01_method_current/D0044.csv,CSV,4589,c554146731372a149bce3ba49a74d8c4627a9b1f23276463a23d8c373cf9b50b
D0045,01_method_current,data/01_method_current/D0045.csv,CSV,6662,e551de05482c90a827baea779c006816f8a104d07c290e8d6f1704f7931bbcb4
D0046,01_method_current,data/01_method_current/D0046.csv,CSV,1057,59f91e87c177fa059c7c8ccade057f9ebbf24d5fe11db20b303e609146f1f54a
D0047,01_method_current,data/01_method_current/D0047.csv,CSV,5363,4dd2fe3365368cf98a5beb2059a7202415dd1998e2cbbd8e2fd08bc4339f497b
D0048,01_method_current,data/01_method_current/D0048.csv,CSV,1734,5a4ed2d21542fa134d2b05e41350d5d8b51d11b0d3c9ed5f1c6f1fa6edf399f1
D0049,01_method_current,data/01_method_current/D0049.csv,CSV,24181,a6e8c5e65273ec362328b1495d86ed77a2fa48f345cf7531fa40eb0bf29b3073
D0050,01_method_current,data/01_method_current/D0050.csv,CSV,1741,a169c44671a6bcffa87a2dc4a5c97c7386668d196a6e84131599ec15cafbbc47
D0051,01_method_current,data/01_method_current/D0051.h5,H5,10155575,8b0b668bc0c0564bf9e94b11530d300b149860f4c6a34feff116c69c3e277e53
D0052,01_method_current,data/01_method_current/D0052.csv,CSV,422,cab7bd8b4986561b161c721b5cd1ff09e1a5f21546349185529fffe81a5fcb0a
D0053,01_method_current,data/01_method_current/D0053.csv,CSV,2592,33e9b54546881cf0578d1f3188c1fc4097828ab4d890d5f6b97ee283448bddf2
D0054,01_method_current,data/01_method_current/D0054.csv,CSV,505,2542959bf35a7574dfa473f8f8d6f553e6852383587b4ddfbe3128e829ea1b0f
D0055,01_method_current,data/01_method_current/D0055.csv,CSV,409,86d61cee085388ad69edd576842bfc8b021c2a789bb543e989f595e0a709be5a
D0056,01_method_current,data/01_method_current/D0056.csv,CSV,297,4ac03f8a6690bfe67d17393eb6775f86dcc2ca41b628ec7144dd55246edd1bac
D0057,01_method_current,data/01_method_current/D0057.csv,CSV,960,c98d924136aa13e77ffeb437580e370538ec716e0c89e96840234496b507e559
D0058,01_method_current,data/01_method_current/D0058.csv,CSV,1777,904063d700663d70614cecb4e2883072c5ec5f2828ec521fd1ed42dae5a06ed2
D0059,01_method_current,data/01_method_current/D0059.csv,CSV,2949,0fe408bc79a64fe539f29e53aea43747f3912202bb398eccebaa330f302c6b52
D0060,01_method_current,data/01_method_current/D0060.csv,CSV,1232,e81b3ebbdd799cb3881e25d8a68813be1c796331aede4854b6a5a5010a7c6b67
D0061,01_method_current,data/01_method_current/D0061.csv,CSV,2638,1d37b94178b5aa9efa60a11c9b713483296061e1ddca498bcd919f5df388ef1f
D0062,01_method_current,data/01_method_current/D0062.csv,CSV,650,7ed00ff45916678d69016145fd0ac4b65ac79144e32e0fb7acc5460c6f569321
D0063,01_method_current,data/01_method_current/D0063.csv,CSV,814,e88dbe3f04f52971613e023536703545bf86f32deff28c062f724a3cadbd1e6b
D0064,01_method_current,data/01_method_current/D0064.csv,CSV,235,237b140c7a01517542bf7f0d67f7e8bd3f88cd7848ae4eca73d707808bfab590
D0065,01_method_current,data/01_method_current/D0065.csv,CSV,1233,5090f26dc1cd5265c3f76391a3a79df98f5c162db7faf58632b8d1701daf41c2
D0066,01_method_current,data/01_method_current/D0066.csv,CSV,735,095bb582633b202ca43997f220d3e42fe19199ae70af16e64fac544c1340cba5
D0067,01_method_current,data/01_method_current/D0067.csv,CSV,1629,3d2eb5074da7f21405548e2c81edf8b0cb47699822c9d0c79eff3acbbb407e1c
D0068,01_method_current,data/01_method_current/D0068.csv,CSV,620,4dfac216422c0215686661a8f88dbce2b3a44a4a4e6ee55b0a3d2b01bce81185
D0069,01_method_current,data/01_method_current/D0069.csv,CSV,1745,a6619a12f4dcca66fac0242b7f6eb0754b831d6d8763d848e1e8ffabacbd387c
D0070,01_method_current,data/01_method_current/D0070.csv,CSV,957,0e3c80dbb26475252d0503c668a33aa473fed3f4b4879f28d31f2165a3d7443c
D0071,03_width_reference,data/03_width_reference/D0071.json,JSON,6081,de72df611069513f14fb48d7e6a555e172d3e16dd42132daa15f0eb301e1a42c
D0072,03_width_reference,data/03_width_reference/D0072.csv,CSV,587,297d4ad918b213f1995d438ddda5f8949ed61a0afafcb901975334937d3bb3dc
D0073,03_width_reference,data/03_width_reference/D0073.csv,CSV,707,03879e5fc503485523b5285589f1e8d08cf9298144eb685eab7d41b553c683b5
D0074,03_width_reference,data/03_width_reference/D0074.csv,CSV,416,97c166518ca97d57ffc2451070fd9f9f6bde28e085e8da12d9b9636894a0cdd5
D0075,04_production_300k,data/04_production_300k/D0075.json,JSON,965409,3727801d6c8390e93dfc768e9b4f9858a98d4a7ddf405cafc15bfc8b5d11a65d
D0076,04_production_300k,data/04_production_300k/D0076.json,JSON,2917,59a641a6ceaf21a18bc42e009fb5957e1fb7ab83c1ac97b8e46c3782bb76af9a
D0077,04_production_300k,data/04_production_300k/D0077.json,JSON,2044,18d60e9e43a8ffedd532b75a00ca706eeb49437ed0f92029db841919674c4ffb
D0078,04_production_300k,data/04_production_300k/D0078.json,JSON,8607,30b0152446e4265ec8ba4ee37864e62cf4b99a86bade86c5a0f9ec2612b6b218
D0080,04_production_300k,data/04_production_300k/D0080.json,JSON,154857,95c0b2cae466dc06b44dae33693f72cf56ba60250825159f412f57b4f2c2619a
D0081,04_production_300k,data/04_production_300k/D0081.json,JSON,5668,cd66133ba3ed759062c15517a34668090becb8004be35de5926bc1ea72a8e184
D0082,04_production_300k,data/04_production_300k/D0082.csv,CSV,736,8c737ead02c6d2bfda781bf2725cb48f8132e714299d933fdb627c54ac6e6c20
D0083,04_production_300k,data/04_production_300k/D0083.csv,CSV,559,6b570481887607137d84b7618ddeff04fe057c198357320ca901d60269c43d05
D0084,04_production_300k,data/04_production_300k/D0084.json,JSON,12428,83f43693152ed45079ff68dc6ef223c93a7c089fbf446e7e8e4d2baf2039fe5d
D0085,04_production_300k,data/04_production_300k/D0085.json,JSON,12428,83f43693152ed45079ff68dc6ef223c93a7c089fbf446e7e8e4d2baf2039fe5d
D0086,04_production_300k,data/04_production_300k/D0086.json,JSON,89830,b1dfd686e557934677cc6279fdcab496a53bfad3bc22fb9d9930bcaffbeddf46
D0087,04_production_300k,data/04_production_300k/D0087.json,JSON,15420,465c1683582b87de45e871b6007974a58becc822cc87e73722536dba9fb0fb62
D0088,04_production_300k,data/04_production_300k/D0088.json,JSON,335590,69384efcd5210218f194b9d44a1aad875adbb69b9b93e75139d3a3d02aa685ac
D0089,04_production_300k,data/04_production_300k/D0089.json,JSON,3805,7a9f08b0604c0dbd068defd03eb82fe67071779a9b3272d96f35cdec02ab50cd
D0090,04_production_300k,data/04_production_300k/D0090.json,JSON,1257,31de7a56f435dbeccc1c214bb08dfd3f2b8f848301693135126b378b0c42e487
D0091,04_production_300k,data/04_production_300k/D0091.json,JSON,23114,87301587a01d2f2023d5b0c91fb25831c6d920a9e0ad980f92611a3e5576ddcf
D0092,04_production_300k,data/04_production_300k/D0092.json,JSON,2016,bff683c5eceeb1e7d8157a54623d89fd09a6c236791c4c70e65c581ff5db99fd
D0093,04_production_300k,data/04_production_300k/D0093.json,JSON,2628,e10c37c16800b711e7c4b4a356421e14b21fd80daf53a30867dd2e508beed35d
D0094,04_production_300k,data/04_production_300k/D0094.json,JSON,3993,ed02dabcb46f94b63dc34c6c8b48e91055de54e613ab41d797de3c9437a90648
D0095,04_production_300k,data/04_production_300k/D0095.json,JSON,2652,085387755526765ec0b0705157ce43441b30dd8782a3bee0f9600b50b1a7b4ea
D0096,04_production_300k,data/04_production_300k/D0096.json,JSON,3973,fd65ee2f0037187a27f3540fd497f99528f04ca347906d8a497471aab1d89ee5
D0097,04_production_300k,data/04_production_300k/D0097.json,JSON,2616,34fd4406d77f23cf4cbd14e2f64280961183e6cf2ede149c3c6b8c32123c6e95
D0098,04_production_300k,data/04_production_300k/D0098.json,JSON,3963,d37fc6dfb7fe7aae6d2b51909e75e45256401303f08116f198ebdc40708c4b12
D0099,04_production_300k,data/04_production_300k/D0099.json,JSON,1980,ee3808eb71856039e45b78c76bae9be06e5a9d31891813f7384dfbf5b1be4105
D0100,04_production_300k,data/04_production_300k/D0100.json,JSON,1995,965c279ede574348acc9cfaf9c74989204088d4e69b2bee3003dd4f42263d83a
D0101,04_production_300k,data/04_production_300k/D0101.json,JSON,27905,871030c56bc2e55b4b03f52de5b069549b8c8e89375cfa56a044556f862d20c6
D0102,04_production_300k,data/04_production_300k/D0102.json,JSON,440,9d78b93640467d9bbc691bd8baeb95d8ec7a8191ee0e50849c80950f359b94fa
D0103,04_production_300k,data/04_production_300k/D0103.json,JSON,186066,dd31c85f011eeb6d8e88c49bae47d7dbbd408df0cbc95a1b128369434f1f921c
D0104,04_production_300k,data/04_production_300k/D0104.json,JSON,10921,f842f106f365f94cee3d7ede04b87d6a7a00a4098848901d4be1c22e64222301
D0105,04_production_300k,data/04_production_300k/D0105.json,JSON,1595,a92493a0f8bf404e42f9b2525165df0fe69efa632a4417e31a13aa1f2a77833a
D0106,04_production_300k,data/04_production_300k/D0106.json,JSON,3882,3c6e66e0d18fb80b0f5b1429b36a31c25aeaa6c5a0d4acbc77817db568fb323d
D0107,04_production_300k,data/04_production_300k/D0107.json,JSON,1075,4cb2a9ed2ed6139a5387487f6df243d4f70ed22e5709ae954231c592df970055
D0108,04_production_300k,data/04_production_300k/D0108.json,JSON,6497,1d6718b8af778deb1f3050ce56365d77e15331e3becf48316ac70fa1cd0b53ae
D0109,04_production_300k,data/04_production_300k/D0109.json,JSON,5690,f37c6bb5d1c9d1f415f8f7edb5bb25eb96b08b78491aec4ed8abe2bd86720106
D0110,04_production_300k,data/04_production_300k/D0110.json,JSON,7563,a9909aa4a3f894d9e8ef8a73b3dd470700531601de451e70adf72f5d32232cf3
D0111,04_production_300k,data/04_production_300k/D0111.json,JSON,5758,22a0e89bbc8536a3cfa2e4db72510eb106c2637cfb1d31f308d2febf646730d6
D0112,04_production_300k,data/04_production_300k/D0112.json,JSON,36199,3b9661ceb42b8d93b17d266f9dc544802fa66f8f19eab6e9aaa5def30d7218ef
D0113,04_production_300k,data/04_production_300k/D0113.json,JSON,31197,b6e2b69d3ae10c20272445f8bee6f029e9ee44583eaced2883713995c19cab32
D0114,04_production_300k,data/04_production_300k/D0114.json,JSON,36241,1fa31bb9564ec33980121fccc383e5ac74435b511491ffff82530b60776fe09f
D0115,04_production_300k,data/04_production_300k/D0115.json,JSON,30762,e79cd52804e89dc61119b26ec81aecfe1baa0e0fbd2bc2673cf624e0725d093a
D0116,04_production_300k,data/04_production_300k/D0116.csv,CSV,1202,00b71b3ecdcc4984e722e407f90743a11403b05477e7e6c1950b1b0cdf03eb3b
D0117,04_production_300k,data/04_production_300k/D0117.csv,CSV,4583,62d92511f30b79e2bd59cf6f405536f5668ec6b801dad598d2743fa3d291c1e1
D0118,04_production_300k,data/04_production_300k/D0118.csv,CSV,6662,e551de05482c90a827baea779c006816f8a104d07c290e8d6f1704f7931bbcb4
D0119,04_production_300k,data/04_production_300k/D0119.csv,CSV,937,7f688fc890c0b8ce3332246890944ae200cffc75feb3406db94d2256200d9df2
D0120,04_production_300k,data/04_production_300k/D0120.csv,CSV,1735,dfef397ebdb74284a4dbf80891cdc10fa0882bbdeaaad832c04b859a12b1c154
D0121,04_production_300k,data/04_production_300k/D0121.csv,CSV,24185,cd17329224ab66f5dc186569e314c939c3a64e6ae17cb42a919aeb4cf1905dc1
D0122,04_production_300k,data/04_production_300k/D0122.csv,CSV,1743,9a970d1a674639f193af4f8cbd491236fecb40594b418f270fba2512afd6831e
D0123,04_production_300k,data/04_production_300k/D0123.h5,H5,10155575,8b0b668bc0c0564bf9e94b11530d300b149860f4c6a34feff116c69c3e277e53
D0124,04_production_300k,data/04_production_300k/D0124.csv,CSV,422,cab7bd8b4986561b161c721b5cd1ff09e1a5f21546349185529fffe81a5fcb0a
D0125,04_production_300k,data/04_production_300k/D0125.csv,CSV,2594,6c0c0d6ada73207156d0af1b0d031b3124285030e424b91e7c9f075235b6a59c
D0126,04_production_300k,data/04_production_300k/D0126.csv,CSV,505,2542959bf35a7574dfa473f8f8d6f553e6852383587b4ddfbe3128e829ea1b0f
D0127,04_production_300k,data/04_production_300k/D0127.csv,CSV,410,0975e371aae48635991ce6fab4c31df1ad6bd1868a2657d24c05bb1353cc9168
D0128,04_production_300k,data/04_production_300k/D0128.csv,CSV,297,4ac03f8a6690bfe67d17393eb6775f86dcc2ca41b628ec7144dd55246edd1bac
D0129,04_production_300k,data/04_production_300k/D0129.csv,CSV,960,c98d924136aa13e77ffeb437580e370538ec716e0c89e96840234496b507e559
D0130,04_production_300k,data/04_production_300k/D0130.csv,CSV,1776,4719d85108ed6c1f227874026b0f6ac4aab43131ba7386943704abc0a80831ab
D0131,04_production_300k,data/04_production_300k/D0131.csv,CSV,2942,551300de8e8b60812f29bb9bebc9dcd23b61ffa270a4ffadbc052d61342558d1
D0132,04_production_300k,data/04_production_300k/D0132.csv,CSV,1232,bfb1ed95b9444d457328417e812a9e2f773ce19cecc5e5f42e850bbf6ab4ab9d
D0133,04_production_300k,data/04_production_300k/D0133.csv,CSV,2630,f71deb6619ee9df52148c393c4824b009a67143791e8b183b095351ab8fd7acd
D0134,04_production_300k,data/04_production_300k/D0134.csv,CSV,814,e88dbe3f04f52971613e023536703545bf86f32deff28c062f724a3cadbd1e6b
D0135,04_production_300k,data/04_production_300k/D0135.csv,CSV,235,237b140c7a01517542bf7f0d67f7e8bd3f88cd7848ae4eca73d707808bfab590
D0136,04_production_300k,data/04_production_300k/D0136.csv,CSV,1239,682effb064e4b01a0f8cd7074356960613cd4d328fa9343e1051c31f675f3b11
D0137,04_production_300k,data/04_production_300k/D0137.csv,CSV,735,095bb582633b202ca43997f220d3e42fe19199ae70af16e64fac544c1340cba5
D0138,04_production_300k,data/04_production_300k/D0138.csv,CSV,1627,ae7c65fac4f815f5b3e13d6ac513caa3e9d18674d48fe44704da404e5eb42c7b
D0139,04_production_300k,data/04_production_300k/D0139.csv,CSV,622,eb71bcb2f5e1d01c31fa1517f2003f4b26556d4f30f8b136fc97a29d51d539e9
D0140,04_production_300k,data/04_production_300k/D0140.csv,CSV,1743,d87c9cbf9b14ba70504b8fc27ae570f7a001e0a23804aab70645a612f0269a91
D0141,04_production_300k,data/04_production_300k/D0141.csv,CSV,957,0e3c80dbb26475252d0503c668a33aa473fed3f4b4879f28d31f2165a3d7443c
D0142,05_kkt_scaling,data/05_kkt_scaling/D0142.json,JSON,186068,df93cac237b81a4db9b40e2369660df362de13fff640836eb1db5ecc93e79f8a
D0143,05_kkt_scaling,data/05_kkt_scaling/D0143.json,JSON,36199,3b9661ceb42b8d93b17d266f9dc544802fa66f8f19eab6e9aaa5def30d7218ef
D0144,05_kkt_scaling,data/05_kkt_scaling/D0144.json,JSON,31197,b6e2b69d3ae10c20272445f8bee6f029e9ee44583eaced2883713995c19cab32
D0145,05_kkt_scaling,data/05_kkt_scaling/D0145.json,JSON,36241,1fa31bb9564ec33980121fccc383e5ac74435b511491ffff82530b60776fe09f
D0146,05_kkt_scaling,data/05_kkt_scaling/D0146.json,JSON,30762,e79cd52804e89dc61119b26ec81aecfe1baa0e0fbd2bc2673cf624e0725d093a
D0147,05_kkt_scaling,data/05_kkt_scaling/D0147.csv,CSV,1229,9b45435f9d652e64c153ee7b38f58451bc6b792d2d575b4d1ce302e5bde49796
D0148,05_kkt_scaling,data/05_kkt_scaling/D0148.csv,CSV,2634,6cf019bb7ecbdbe7821e2dfe13541a326ebbbff0cfcb98efd212fe7fabf3dae9
D0149,05_kkt_scaling,data/05_kkt_scaling/D0149.json,JSON,48423,72c4305e8340aa1b04c688ff8cf42fc71eddcc6a58013c223e2a0d4a63c22fed
D0150,05_kkt_scaling,data/05_kkt_scaling/D0150.csv,CSV,1223,3ac9bdc0895a3939056c26c0f76ec98a9ab39fac028cc0e0ce895fefad9c63f7
D0151,05_kkt_scaling,data/05_kkt_scaling/D0151.csv,CSV,1733,30a5b0065435b34fe443e41a8a6c8fd91557a4df54174816aaef488855ff4f42
D0152,06_reduction,data/06_reduction/D0152.json,JSON,334693,b4dfff3c4eadd9f385a99a6e44e166908f258fd9a7c0e92ac53dfd3a52fbc354
D0153,06_reduction,data/06_reduction/D0153.csv,CSV,1210,850961a8847539068ac1da4b4ce0239ed27247ee770379dd84fee6b692e5c387
D0154,06_reduction,data/06_reduction/D0154.csv,CSV,19777,997e571c3bd311ab73ad514f4279e98621288c0c55cea00815a168bf707ae7c7
D0155,06_reduction,data/06_reduction/D0155.csv,CSV,3010,6bcaaa1d964c993a0cdc04e39bcf9499ee0ebd957441f65e51818c66cfac979c
D0156,06_reduction,data/06_reduction/D0156.csv,CSV,1040,9d8db9c1e131800b41e31e80dffd69742b04a8fb2d0c4ee85569a9fb27124bee
D0157,07_discrete_dynamics,data/07_discrete_dynamics/D0157.csv,CSV,5560,0de0c1781faa4a7c04e12c8f8c991f2405ea2e4b413001cbee42a5459792fe79
D0158,07_discrete_dynamics,data/07_discrete_dynamics/D0158.json,JSON,107281,071337a778797e32407fee5664fcad7d51a3a6f8f7ba2c0eed0c4164b3b85c5f
D0159,07_discrete_dynamics,data/07_discrete_dynamics/D0159.json,JSON,73189,439f397b7236b06fe678facd727e1b39a010f3966d243a291f19c9df2fd8247a
D0160,07_discrete_dynamics,data/07_discrete_dynamics/D0160.json,JSON,440366,32b7efa3bb5bc44c5696e15691d154b10b206c4beb428e9d67ae88d7604bbdf0
D0161,07_discrete_dynamics,data/07_discrete_dynamics/D0161.json,JSON,561262,9dc1420d4e29530e93a6ae726b91c553286cb48090dea33137380f680b18b8e1
D0162,07_discrete_dynamics,data/07_discrete_dynamics/D0162.json,JSON,82192,aefc1e84d86ac564cfd4515c4e69984410761653fb8b69d6c3eabe0e3c2bb158
D0163,07_discrete_dynamics,data/07_discrete_dynamics/D0163.json,JSON,137026,f451192309389bd52e4f0cd74ba70d675e5b09f6e9b3d9569635ab40569f082a
D0164,07_discrete_dynamics,data/07_discrete_dynamics/D0164.json,JSON,174925,466c3f6432d8215fc793d5b2b27d80b45f98e95af175ecbfb8a54049c3092937
D0165,07_discrete_dynamics,data/07_discrete_dynamics/D0165.json,JSON,526978,ae6f37b0785262fbbc7b0eb7a56ca0a31ae078f660aa84ae579ef11d63460623
D0166,07_discrete_dynamics,data/07_discrete_dynamics/D0166.json,JSON,72948,e996f4350d7409c771bf997836fb1d121b82ec71c45093ed0164d2b58164c4b3
D0167,07_discrete_dynamics,data/07_discrete_dynamics/D0167.json,JSON,130831,5558f43c551613191f7869ea48280df89213e6d100b0c0fe600c1105f1c79e4a
D0168,07_discrete_dynamics,data/07_discrete_dynamics/D0168.json,JSON,71583,862e00ba0315db25bdcbe7edfff3c6b5d0be480d4030e4c505078bfa6622f88d
D0169,07_discrete_dynamics,data/07_discrete_dynamics/D0169.json,JSON,577307,c146f0d9d0f6f32c3f586b5d3fb6d298591a4d69a5fc5efbef943764bdc4ff6d
D0170,07_discrete_dynamics,data/07_discrete_dynamics/D0170.json,JSON,62222,7364df50b253173ecb0ccc7f9197c1f37fa966b31849fbdc80f23f03edb651b3
D0171,07_discrete_dynamics,data/07_discrete_dynamics/D0171.json,JSON,115141,b3d4d02142ef12d07d607de9a410f5fe21929ffb3d6fc3f0844e5a6b9f02717c
D0172,07_discrete_dynamics,data/07_discrete_dynamics/D0172.json,JSON,187845,7235bb00a48b37db893d9156ee1f6004a1da963966e815bd499d8a5a02830534
D0173,07_discrete_dynamics,data/07_discrete_dynamics/D0173.json,JSON,58301,62b059b6ec6901073a2871d3c926440e6bb51d10f0713a8b653a841b89c363b0
D0174,07_discrete_dynamics,data/07_discrete_dynamics/D0174.json,JSON,94420,b8dcbd3ed9f005e4c0cd25e49af53c5eb2464f656356912e057946bbe7238665
D0175,07_discrete_dynamics,data/07_discrete_dynamics/D0175.json,JSON,65561,b947f3ab8d5884a3acdaad678b4821975ad950cad7394663efcbe41bdd4accae
D0176,07_discrete_dynamics,data/07_discrete_dynamics/D0176.json,JSON,139461,7a22596e8e7d75e0e16ba30b0c854add9a9f61bbc51605fe370f60996891c7dc
D0177,07_discrete_dynamics,data/07_discrete_dynamics/D0177.json,JSON,137026,61ed55055896f51d0b1b3bf57f848a21449ecde75c32574766a7d23e962d7a93
D0178,07_discrete_dynamics,data/07_discrete_dynamics/D0178.json,JSON,105687,742f6c0d3b5e51b09ea8b99c32f230a1e81a2d826b8e14c734f03cfde760a387
D0179,07_discrete_dynamics,data/07_discrete_dynamics/D0179.json,JSON,58385,a62044fb942b0e17f0394a050dd15da1d6564db43aa74a2da5e6101c0e9b798f
D0180,07_discrete_dynamics,data/07_discrete_dynamics/D0180.json,JSON,98840,5813c0e95577dc913ea11836b3245fc1b839dcfca607b21ace1ad5515c27c5cc
D0181,07_discrete_dynamics,data/07_discrete_dynamics/D0181.json,JSON,73194,e46eec26be2961246339684faa4de45695f1ecbd63cf1df1c61c4a00b200e84e
D0182,07_discrete_dynamics,data/07_discrete_dynamics/D0182.json,JSON,141264,a198bbc88744bcd605495076505b1322960feb5a5d00f7bf8c01523dba713e81
D0183,07_discrete_dynamics,data/07_discrete_dynamics/D0183.json,JSON,507893,ccb89217494f9a0a32787598d2769e08e682aed9691689d21827061636e10083
D0184,07_discrete_dynamics,data/07_discrete_dynamics/D0184.json,JSON,136431,972050aacf49be69e2f96e23c7c0372920efdceacd854b2573e9560d383fc4fe
D0185,07_discrete_dynamics,data/07_discrete_dynamics/D0185.json,JSON,146986,c077e9e2e703a8d712e1fe46f1b09c30d3736600d56afd7b9090d6d5da6f0c4d
D0186,07_discrete_dynamics,data/07_discrete_dynamics/D0186.json,JSON,535881,afa38cc88332c71e7a1e7d51682bbe238408b36d625ad7451ae4a0cd8c3cff0b
D0187,07_discrete_dynamics,data/07_discrete_dynamics/D0187.json,JSON,288166,82e6f5fb03c32269ec456b9553d2d1617b5033e616e579497cc9955493a81e62
D0188,07_discrete_dynamics,data/07_discrete_dynamics/D0188.json,JSON,118611,ca5d9aa1a9ef088bf9c679a9e203c58d9be0ca8e3af49960875f9f169d67d27a
D0189,07_discrete_dynamics,data/07_discrete_dynamics/D0189.json,JSON,76630,5f5ee3273de8beccf8b91ce1fa37e04976b4fa9b5169ee17ceb0e86b6c468b76
D0190,07_discrete_dynamics,data/07_discrete_dynamics/D0190.json,JSON,71881,1bab4d5ea679146e2319e097d5412fa5bbe611cf40227359bf0a1695ec0abc6b
D0191,07_discrete_dynamics,data/07_discrete_dynamics/D0191.json,JSON,433016,8c0a4c6d8eb2d1fe4448d59fd553523284067174449ad443c64f771521d18aef
D0192,07_discrete_dynamics,data/07_discrete_dynamics/D0192.json,JSON,519841,f8978c0de7ec7c48058015f805a4fcc8345ca94e15bb7c4202b0b07be7805628
D0193,07_discrete_dynamics,data/07_discrete_dynamics/D0193.json,JSON,159381,6842131a29bff5457dbbb3ba723857a6a5364c29f00ac8ecdb3fee79d01454b9
D0194,07_discrete_dynamics,data/07_discrete_dynamics/D0194.json,JSON,136435,d6d57cc72980dede28cb3cd221cc62711e3e13f9c1e1eb47d3577d75d1ec9520
D0195,07_discrete_dynamics,data/07_discrete_dynamics/D0195.json,JSON,186762,c82b34585152ff4febf909421ed41f5181b6e9c5e5c959c9a0a92ccd7f2f7ce4
D0196,07_discrete_dynamics,data/07_discrete_dynamics/D0196.json,JSON,57003,a6ef6f5daf52c10f242c29957afc1cd7d64fe6e338855558b8872fa4e498b0f5
D0197,07_discrete_dynamics,data/07_discrete_dynamics/D0197.json,JSON,75746,7091a9cc1a225979a04bc33d23da5a6bb5fe060d4dde4eef2a6ea17698fc8985
D0198,07_discrete_dynamics,data/07_discrete_dynamics/D0198.json,JSON,276390,e6f93482b9c07b2c4a21d78ebdd0b4ceec125a359355ace87fc4aa48f865569d
D0199,07_discrete_dynamics,data/07_discrete_dynamics/D0199.json,JSON,140298,2f5d1c2e6a004bee404decb9c0336eabf0133788b7b3f47c3af539db1045d208
D0200,07_discrete_dynamics,data/07_discrete_dynamics/D0200.json,JSON,181874,b057cc444b59482713f2c8ac892c476ce8bbf55905d8b6a8ec436188bccf96b4
D0201,07_discrete_dynamics,data/07_discrete_dynamics/D0201.json,JSON,241997,9aeb85c850197a06535340c9fde0e45033edd0ca94cd71e24ace9c5a62d9fffc
D0202,07_discrete_dynamics,data/07_discrete_dynamics/D0202.json,JSON,57089,5e8f25b47641a46c2db43b04bc396be6f908474fbc3c2a8810086d7a72326720
D0203,07_discrete_dynamics,data/07_discrete_dynamics/D0203.json,JSON,181567,bcb6370d7a7c2d0f141b449ad784948a12e47f1826c9ef009299385869673ed6
D0204,07_discrete_dynamics,data/07_discrete_dynamics/D0204.json,JSON,138560,a0a8c2ccbdd23bf778cc25911f87342d2129e267585418bf2e318a99ffedd11b
D0205,07_discrete_dynamics,data/07_discrete_dynamics/D0205.json,JSON,435435,cec52f02181dcba46a5ce3b1d65cf1adfe541052d53d7a3c44e101a5becd4e8d
D0206,07_discrete_dynamics,data/07_discrete_dynamics/D0206.json,JSON,267130,f314965b0dda65616a0d3719c062a81fdb8bb1f514dbbff808dd6a2387dae3af
D0207,07_discrete_dynamics,data/07_discrete_dynamics/D0207.json,JSON,526980,17b023d679a822ecaacc96ed939e8721893e6357ae8d8580f728236184e1f7e0
D0208,07_discrete_dynamics,data/07_discrete_dynamics/D0208.json,JSON,150213,86e2b5f87e6bdd34e835f6431f88f1e216ab1548019e278bcd837a6b8db8b129
D0209,07_discrete_dynamics,data/07_discrete_dynamics/D0209.json,JSON,174791,81d8308f42142abc6d2c315f55e152608d165ae4616cd5c2daae3574e020a2a0
D0210,07_discrete_dynamics,data/07_discrete_dynamics/D0210.json,JSON,291477,cc1fa0041142e253463b31b0a4fd5993d1aefb181bda7ae712f4d9d7ff399fe8
D0211,07_discrete_dynamics,data/07_discrete_dynamics/D0211.json,JSON,270623,b9f95ecbba89079c0ab2a85757907009948ac3632e0a03c3775d0cd1ec6323bc
D0212,07_discrete_dynamics,data/07_discrete_dynamics/D0212.json,JSON,179779,c5b7817a1ff442e31b4ed0f84d3592f874b114e23ba125557bd81c22f3fc217b
D0213,07_discrete_dynamics,data/07_discrete_dynamics/D0213.json,JSON,103054,cc042695eafec0b056414be7e930cc92f4ba4c118c821a5f91136e9805654819
D0214,07_discrete_dynamics,data/07_discrete_dynamics/D0214.json,JSON,224838,dac395fadbd6f6f7c2b00e082025d205f01f7fc51cd10a0046b4b0fe4c56ded4
D0215,07_discrete_dynamics,data/07_discrete_dynamics/D0215.json,JSON,141270,64adfb873aa82ecf523fe04c11a562197d0f569b8d632c33255a47e334d8e7b8
D0216,07_discrete_dynamics,data/07_discrete_dynamics/D0216.json,JSON,95704,2dfbad175f8f1e3d7beaa21401348d7f317ce378d000971eb6f65c48030edad6
D0217,07_discrete_dynamics,data/07_discrete_dynamics/D0217.json,JSON,56761,620068f4f0ca1349e1713f00924d81140ae44f64f286abf861a3b32fdd73c2bc
D0218,07_discrete_dynamics,data/07_discrete_dynamics/D0218.json,JSON,437039,baf090012ae6b0b440c3a7c566edbd561b3dc0024e8dc85502cd1d919945537a
D0219,07_discrete_dynamics,data/07_discrete_dynamics/D0219.json,JSON,515501,f1c8501352530c19e0f8d651d56814915e3db05f8dc64f5b88ab26af34a7beb9
D0220,07_discrete_dynamics,data/07_discrete_dynamics/D0220.json,JSON,102953,f009ba25978b32e5b4e195bba404ac04f7d1dd099df6328962c816974dd0bd9b
D0221,07_discrete_dynamics,data/07_discrete_dynamics/D0221.json,JSON,56661,a0fad39752e5b50ff25aed0bd9cc2f25b0a34c39b31fc7aaa3874a561386aa2c
D0222,07_discrete_dynamics,data/07_discrete_dynamics/D0222.json,JSON,159665,bb307634bad193385a4a16341f281031097dab2dcc5b333b5f2d681ee6b23963
D0223,07_discrete_dynamics,data/07_discrete_dynamics/D0223.json,JSON,74346,aa1e7923cadabe3871a5e19c87f2f05f95ae6826c66f8b0ad4c789b3d77128ea
D0224,07_discrete_dynamics,data/07_discrete_dynamics/D0224.json,JSON,179923,cb37b3958defbcda9b9adc7717c842630f5955534768716f06653b2655d9a856
D0225,07_discrete_dynamics,data/07_discrete_dynamics/D0225.json,JSON,226525,96421d20146d66f04ee1f5620bd22aa25bd48e167197080c62035a479bac6e82
D0226,07_discrete_dynamics,data/07_discrete_dynamics/D0226.json,JSON,117785,9b933df455ea9813dc0dda5f0079ff5acd42019c305a65196655572f2b5db1fc
D0227,07_discrete_dynamics,data/07_discrete_dynamics/D0227.json,JSON,260041,0186c84299a0077a17f32c58605f857c7d65ba771ed51e8b86feb29b739cc83a
D0228,07_discrete_dynamics,data/07_discrete_dynamics/D0228.json,JSON,221806,1586932537a900a27ce065e5fb636035b46912687a1cb282fdf8f949681399e8
D0229,07_discrete_dynamics,data/07_discrete_dynamics/D0229.json,JSON,515496,fc052a1e7d8dcad81e2686878d8dac3951dd936e9ff548b04352069fd0843c8b
D0230,07_discrete_dynamics,data/07_discrete_dynamics/D0230.json,JSON,78603,91f596105d7b51b4247b05c17d845f0eee5d6abc437861b04a8c984c19d40b8f
D0231,07_discrete_dynamics,data/07_discrete_dynamics/D0231.json,JSON,519830,78c35a61f5527f24d0e089744f7951e7c5cce491bb17b61a1c5eea4ccecd61aa
D0232,07_discrete_dynamics,data/07_discrete_dynamics/D0232.json,JSON,173618,a803a872bb5ebb8f35cf8d29ceb8aa949b39e0073b2dcdfe108b499b74a1c17f
D0233,07_discrete_dynamics,data/07_discrete_dynamics/D0233.json,JSON,88383,af4f337bfd1813727c59fcb09de415d2faa2a1625f19f0031e6307f123ee27c9
D0234,07_discrete_dynamics,data/07_discrete_dynamics/D0234.json,JSON,63662,a6a3e054b5772b2b99f2e54fcef60b785d140164fb3104252dc454e3feb75058
D0235,07_discrete_dynamics,data/07_discrete_dynamics/D0235.json,JSON,96184,be093bad3358b4b99307422b093c118a40abf54bc824bbe620a8b75d72265bb4
D0236,07_discrete_dynamics,data/07_discrete_dynamics/D0236.json,JSON,147597,0bc923934ce4e16641b3d03f15ae43578d8b7bb4beb8ecbee9dec804746b313e
D0237,07_discrete_dynamics,data/07_discrete_dynamics/D0237.json,JSON,263628,2e84f973225af692f1203b406cb84031f1c6e585049b519edc1cd8e66636a0fa
D0238,07_discrete_dynamics,data/07_discrete_dynamics/D0238.json,JSON,267105,c6004000b024b77f82c6a95c21f2d4e02810ba698953e7ff8754f26150fd6976
D0239,07_discrete_dynamics,data/07_discrete_dynamics/D0239.json,JSON,284456,af90da111648f91f30e3c037f236c085a1c1dd33b236c9da737eee1d91590409
D0240,07_discrete_dynamics,data/07_discrete_dynamics/D0240.json,JSON,516682,2266062861cd08daa63663c2539966c7fcdd485a5d02ee3384686fe8c5d7d536
D0241,07_discrete_dynamics,data/07_discrete_dynamics/D0241.json,JSON,136820,853b2adde746ddc29487c10ec46bdb6e490cb44d8e4a984ec1a65e62a834fc72
D0242,07_discrete_dynamics,data/07_discrete_dynamics/D0242.json,JSON,264765,d4dc0d719ca6f8fdd672343c375c82f8e03933eb23c5b0a1edc6b3886062c568
D0243,07_discrete_dynamics,data/07_discrete_dynamics/D0243.json,JSON,264757,777be6727bb9d3d6e7b981714c377bc1de0bbab95797ef11be0b497a3bb0170f
D0244,07_discrete_dynamics,data/07_discrete_dynamics/D0244.json,JSON,517659,c7f94b994522cd303dd982ee4c881e97b045e602e1260f28fb7aa074d8b0a5b3
D0245,07_discrete_dynamics,data/07_discrete_dynamics/D0245.json,JSON,75190,38de063b9c47c1b4b30fcadd5efe1f394ed05181a1b1ea0b1c891f77718b84c2
D0246,07_discrete_dynamics,data/07_discrete_dynamics/D0246.json,JSON,181872,42ee82cf98f3e86f9a792a977bf3cf3bc55e2965f83e69a4ed6e06af0d2eab2f
D0247,07_discrete_dynamics,data/07_discrete_dynamics/D0247.json,JSON,72953,98bd977f3791343b44459187fd0ef11ec6d80898ee390ae782de8be577b6c9ba
D0248,07_discrete_dynamics,data/07_discrete_dynamics/D0248.json,JSON,64689,cc5f13e71dfa37a7887f68653babe9eba8dad3ab8fa22efd3374ad4575363d9b
D0249,07_discrete_dynamics,data/07_discrete_dynamics/D0249.json,JSON,78367,3cf3e357111cf60eec147abf84a1fe8e1b27a08ababf4829af74f210e8ea7241
D0250,07_discrete_dynamics,data/07_discrete_dynamics/D0250.json,JSON,103056,34711424935cfbe6f241818b03e554dad95cad5f1bf348bcf5b5ad616a4e1236
D0251,07_discrete_dynamics,data/07_discrete_dynamics/D0251.json,JSON,558852,a5588dcff553c0f9df9686c5ed16e21c2c18db789a671fbf0831719a9d14ce15
D0252,07_discrete_dynamics,data/07_discrete_dynamics/D0252.json,JSON,61932,481c2a7379c57bef338ee42a4ff1d2c264a52d2bab674002ecd556441d7a3900
D0253,07_discrete_dynamics,data/07_discrete_dynamics/D0253.json,JSON,222993,65e7660671931b0e2efce0c562c0c26fe59dd5d4f13b400b0d5038a03b9c1874
D0254,07_discrete_dynamics,data/07_discrete_dynamics/D0254.json,JSON,270625,84c5ea7dd8fa30bd678d79594a9c5a24b01e93f71c4f88c5edd3d3051a135377
D0255,07_discrete_dynamics,data/07_discrete_dynamics/D0255.json,JSON,265358,ecb2ec25052fafe8242d0ef6bc241b1e4ea3d6728c9652d67e1f2266aabc9282
D0256,07_discrete_dynamics,data/07_discrete_dynamics/D0256.json,JSON,102955,e3de468ad36912f63093f9a8fbd7df18c39408407a25309428530e8169ac4468
D0257,07_discrete_dynamics,data/07_discrete_dynamics/D0257.json,JSON,57000,bd62349a2c74a64504801772c1516dc550a75a64c9b5370f7c5160d46f11765a
D0258,07_discrete_dynamics,data/07_discrete_dynamics/D0258.json,JSON,151968,804b19386064515e7bcea71acd495770bffd4ce2c8d4bd4367a69aec9c44a20d
D0259,07_discrete_dynamics,data/07_discrete_dynamics/D0259.json,JSON,133816,92684985a7677d791f9d6390c597cfcee9778eb41fe8d6247405357a54c00ece
D0260,07_discrete_dynamics,data/07_discrete_dynamics/D0260.json,JSON,181564,b84f3aedf2ab8cd738a61f1424bea93c35c0134d787b3299a3bb78343ee87e08
D0261,07_discrete_dynamics,data/07_discrete_dynamics/D0261.json,JSON,556718,515f26478232607d46cdb7cedd5f85fa99913b3e53dd7f1da3a763dbe2911dae
D0262,07_discrete_dynamics,data/07_discrete_dynamics/D0262.json,JSON,139456,a736bb070b2a0c04c1e3bc173bd20317ccd27097cb072d0d5e1ce1484b6aa1a6
D0263,07_discrete_dynamics,data/07_discrete_dynamics/D0263.json,JSON,505435,a766dbb90e7344f8021b9eaa5624d1f731df35f668e0305cb59b17b1829a979a
D0264,07_discrete_dynamics,data/07_discrete_dynamics/D0264.json,JSON,115726,bfff115da67ac0be64f940b123a5633ee371c8819caa443c15bf36c40b06ead7
D0265,07_discrete_dynamics,data/07_discrete_dynamics/D0265.json,JSON,509802,2ced1fe957cd0fb57d4b24f0aa8c1831724299baddcfaa8d7e58c3dec32009f8
D0266,07_discrete_dynamics,data/07_discrete_dynamics/D0266.json,JSON,81367,20ef00e30b7bcfbca674970dd1029d171d48c75fde519479ae47a4c01cdf2710
D0267,07_discrete_dynamics,data/07_discrete_dynamics/D0267.json,JSON,65165,e92060db244a896853efd4e2516458065f898bd290777f3f7d626c4476979119
D0268,07_discrete_dynamics,data/07_discrete_dynamics/D0268.json,JSON,259718,3134f03307f6e0abf5131f8c5f9a37508182dd75d142e9c5d5091ccbac0ea357
D0269,07_discrete_dynamics,data/07_discrete_dynamics/D0269.json,JSON,75743,270d3855e347184d1a9d6624f2946d7f6de9ec57d49e96d04bd9b303c629076e
D0270,07_discrete_dynamics,data/07_discrete_dynamics/D0270.json,JSON,261922,57eedad5de3ffce99ee3a557acd1f9c971ec1b15c4e749ff720beb9c2373631c
D0271,07_discrete_dynamics,data/07_discrete_dynamics/D0271.json,JSON,568228,86c1037e03b045e9de008c9715e0e7d9025b2049da4dad21dd2ceb5e1f40e665
D0272,07_discrete_dynamics,data/07_discrete_dynamics/D0272.json,JSON,88289,4b3ea78b1bec31a2dd96d5270d306169510d7a6156b09367f286048e9cc1bb5a
D0273,07_discrete_dynamics,data/07_discrete_dynamics/D0273.json,JSON,63867,ef23fbdab167adcb2077aedd3380276d2c31f1a8a338605148a50132aa828ce4
D0274,07_discrete_dynamics,data/07_discrete_dynamics/D0274.json,JSON,52763,6ed05d7f01de2bf28dac989a5975cc27a1e2c1ae72d9225d020b440e6f20a5f3
D0275,07_discrete_dynamics,data/07_discrete_dynamics/D0275.json,JSON,106165,1cddd979425dc56c2dea526989108f9c090e6f52c8a45de66cb7e02dc3247a7d
D0276,07_discrete_dynamics,data/07_discrete_dynamics/D0276.json,JSON,98714,da8202f2144b7fc4680b2961c5dbe2eaa60da3ea93a218f2b0ceec73431c4bdf
D0277,07_discrete_dynamics,data/07_discrete_dynamics/D0277.json,JSON,95532,345fab144f820344db571e7bf627b8d3a56d4fdb0a0f0bbccbcd5e9b36f96336
D0278,07_discrete_dynamics,data/07_discrete_dynamics/D0278.json,JSON,263629,86f79099afa3b03da8e01c0fde971628e0100867907c84065fc84fbebdf5eb59
D0279,07_discrete_dynamics,data/07_discrete_dynamics/D0279.json,JSON,134417,d1734eaa21f6d07e925c04ec1b0ffab4a83747bb9d77ead7b79581670c1d4fcd
D0280,07_discrete_dynamics,data/07_discrete_dynamics/D0280.json,JSON,285617,1753b083d2e060c1c7c5cc0f891aaf05e77e476aed79831db48fac2a2f2683f7
D0281,07_discrete_dynamics,data/07_discrete_dynamics/D0281.json,JSON,297504,f9dd459ce62d0a8664ea57dcd94e4c167032a8e87ba3373a924eff02badc298a
D0282,07_discrete_dynamics,data/07_discrete_dynamics/D0282.json,JSON,58852,945ad9aeb92ef0c0db5d7c3a98fbfbbab64226c4ae699f82288e53d86782a53e
D0283,07_discrete_dynamics,data/07_discrete_dynamics/D0283.json,JSON,165441,cb85bb37adf18cb7620cc7182e35f5c001faa4eab727ad3fbfac0fb0958b8bdb
D0284,07_discrete_dynamics,data/07_discrete_dynamics/D0284.json,JSON,258518,d0ad075e87a21890b8448031677661e69041b9c557306b8320caa7d83c3279ea
D0285,07_discrete_dynamics,data/07_discrete_dynamics/D0285.json,JSON,63660,7077359136ccb93399306a6175a01d4b452342a6f1187d02c39db1c4de5533f5
D0286,07_discrete_dynamics,data/07_discrete_dynamics/D0286.json,JSON,76626,343759217db8aa951c9263f56a9bf4684449e42182f720dcce07433f3dbb6e32
D0287,07_discrete_dynamics,data/07_discrete_dynamics/D0287.json,JSON,63867,d75b6c264962c96013f76273a1fa9b89c0dab92fe97f72316c345ebd498add57
D0288,07_discrete_dynamics,data/07_discrete_dynamics/D0288.json,JSON,517664,547f4d07839882b62095e966b5ede74d4aa5b5646d1b1a957381b98ed68b7373
D0289,07_discrete_dynamics,data/07_discrete_dynamics/D0289.json,JSON,52935,e19d4afe2f1ff91d9eae9763b69d5dba6239ca95c6986212dfc609a2f8a5627d
D0290,07_discrete_dynamics,data/07_discrete_dynamics/D0290.json,JSON,96314,4ad8ebbcf51ce652627909972d7f2a803bffde18d1afdbce5251e3254670245d
D0291,07_discrete_dynamics,data/07_discrete_dynamics/D0291.json,JSON,64335,48df43b1cf1afb495803ccbbeb7ef8d795da16cdf466c2f4a3f117630a82d64d
D0292,08_mechanism,data/08_mechanism/D0292.csv,CSV,559,b8f9abce87dd70137d9f754b52d6159d9a8c369fa34ddc145c6662190579063c
D0294,08_mechanism,data/08_mechanism/D0294.json,JSON,7019,38cbeafe2de8dafddbc6e1f123df8b5f4ab9d9c4d84d3b00b5d623d68927bcd8
D0295,08_mechanism,data/08_mechanism/D0295.json,JSON,38690,6438f4ab5e0e625c65c6abe673e669e3e42fa54a81f04fbe68a500f960a16880
D0296,08_mechanism,data/08_mechanism/D0296.json,JSON,5963,d323759d598c559a2707a76c2a0eaf59c43907cc134e2debd5e8949c222c40ac
D0297,08_mechanism,data/08_mechanism/D0297.json,JSON,204550,fa86f8acc45c2b1f7c17dea0274351efff5f95f92b9879d0d0469df50f309cbd
D0298,08_mechanism,data/08_mechanism/D0298.json,JSON,4874,f9de06ae8a0d09ece7436e320d1d25730d705eec76548c13095e73949e5f2fa6
D0299,08_mechanism,data/08_mechanism/D0299.json,JSON,71615,b3c9686031551f5b1a0be8d04531d2e094b14f4edd67726e01577ca5543fa258
D0300,08_mechanism,data/08_mechanism/D0300.json,JSON,1675,c91ef693f83041e3f249db9850c7a5b58899a060dc6606f1643f96561564e2ea
D0301,08_mechanism,data/08_mechanism/D0301.json,JSON,13030,869255bd09ccc68bbccf6f0cb0d937ee0232b8874f66e074d0197531d2f6e670
D0302,08_mechanism,data/08_mechanism/D0302.json,JSON,319,77eaa441a9d2937d4b80bb8857addc16d4dc4114896f2ec82e4926b3ab37d12d
D0303,08_mechanism,data/08_mechanism/D0303.json,JSON,311,2835fc531013f204dad82dd93b77c3945632de675d8444a5b2fe78f960391c38
D0305,08_mechanism,data/08_mechanism/D0305.json,JSON,228,d25ca29b9c0c0b4bd06bead131404422b723ff88d3f4c31781b3e38c510750ca
D0306,08_mechanism,data/08_mechanism/D0306.json,JSON,182631,e1f9ac81887ee05730f6ca7c0e5b81a546c2529f3b01bdc7535b1d99c2b2b6b6
D0307,08_mechanism,data/08_mechanism/D0307.json,JSON,317016,5aef4cb7b501f78db93cfed4d8e506eacc9019eb71270114fd269dc43015e6f8
D0308,08_mechanism,data/08_mechanism/D0308.json,JSON,318033,d77ad811914ed58aa206329daac0d0b87541cac40dc3421764af6767f1abc04a
D0309,08_mechanism,data/08_mechanism/D0309.json,JSON,229501,d2883c9ad022bbcc9bf8bfc80bfdea018379b2ba521ef4ce1415c37509b2efda
D0310,08_mechanism,data/08_mechanism/D0310.json,JSON,174474,0c31fe768834253d974d0b816a2864b0145a43098d839b04b4c9233ba6d3b14c
D0311,08_mechanism,data/08_mechanism/D0311.json,JSON,317874,f480433c7102d2a0106b26bc1be6534deaed60a0d37485b2cdfa3138d13279cc
D0312,08_mechanism,data/08_mechanism/D0312.json,JSON,317134,a92fadbf306406d58f66c9e65957b8e45c51f545995a28e63c5cae13efd2c523
D0313,08_mechanism,data/08_mechanism/D0313.json,JSON,229147,4055114511c7080f32e1e1f8b0c1a8f56bfec67a75a2c18e6e5e51cf172dc643
D0314,08_mechanism,data/08_mechanism/D0314.json,JSON,102798,4e6d03ad2a89cc614002e59c9d15961568b2515422842851858d4bbba1e353dc
D0315,08_mechanism,data/08_mechanism/D0315.json,JSON,110709,99b7d641e561ed1d28e1828afbc743543bcb8430899faf6510ab3fedfd849dc2
D0316,08_mechanism,data/08_mechanism/D0316.json,JSON,102559,a418bc8022ba49579c66958a9b94263bbdb7cb37721c5c1280449e761d5b753e
D0317,08_mechanism,data/08_mechanism/D0317.json,JSON,327009,de99f58909ec2b15ee2e5cf8c0976bc471ddc89794600f51ce00cabd28d79b02
D0318,08_mechanism,data/08_mechanism/D0318.json,JSON,182766,88fdfb8e354cbaff3b33f608bf6f4ee401ed0e99a9a6c961ff2e7e4917bfb815
D0319,08_mechanism,data/08_mechanism/D0319.json,JSON,174399,fa18c1a8be003355fbd12541aa175b27e142588530ea5e5af9cdd253f4fd4eaf
D0320,08_mechanism,data/08_mechanism/D0320.json,JSON,174368,1ea303714978aaa1f5fbe2a3c8ae6ddbf22460f9df256b3d2ccdcc342f4c9665
D0321,08_mechanism,data/08_mechanism/D0321.json,JSON,110758,8fba2229f4d0f5c2dea12a0dadf87a0e27b6de2158b4c4dc8c6f26668c6dc1a0
D0322,08_mechanism,data/08_mechanism/D0322.json,JSON,174336,89b57bdf06b1d269df5a139ee58a75d6b66cc349f5069081a7ab1c0f632e2d86
D0323,08_mechanism,data/08_mechanism/D0323.json,JSON,182744,c1e7b7746686527ca2e0b8e35ba5bc2904d531893d39a551328123f91f30c494
D0324,08_mechanism,data/08_mechanism/D0324.json,JSON,182536,e331bd2dae705d53a0d3873abf268d973e2791cfb3f8bc2caad5917aea6c19a7
D0325,08_mechanism,data/08_mechanism/D0325.json,JSON,102746,c5307c408ec72bbf6432cb91dff5861c3eb046c69687eb6fa87bd3128359b620
D0326,08_mechanism,data/08_mechanism/D0326.json,JSON,326370,45187caded7a1036c3ac14dfbc7a4ecdfd92ceb177d7ff3c0717e07fd26a335d
D0327,08_mechanism,data/08_mechanism/D0327.json,JSON,110485,69d399c1c2ada2dbe5d5c1914be2ed4e1d41ad61952966eb68d7f93ebeb02be5
D0328,08_mechanism,data/08_mechanism/D0328.json,JSON,102542,48ed125b8f2e6ca3d8b9c0d6c009351532c35178e87831e898ae57f43391029c
D0329,08_mechanism,data/08_mechanism/D0329.json,JSON,110400,8e907d133ea739c1ccbff53ff04eb0907d1f5032ae4db88db143741e03b1c23f
D0330,08_mechanism,data/08_mechanism/D0330.json,JSON,326862,10ade4fa658f85fb46b77a474a60c70a4c8218031ca95a5e28c83c57b7683cdb
D0331,08_mechanism,data/08_mechanism/D0331.json,JSON,326017,49a58255ccfc562f7085fcbceae67b615c997db5ec98ac331faf3b27f2abe8e7
D0332,09_physical_v1,data/09_physical_v1/D0332.json,JSON,4415,25bf47ba8a5aec503b9de7abfdcdc6555420f588014ff1ed6398190091c81156
D0333,09_physical_v1,data/09_physical_v1/D0333.json,JSON,190475,f25c4d7e9e292ee405bae9e8f78ddc2ccc97b3bd31d75d567ff3f4b195347e50
D0334,09_physical_v1,data/09_physical_v1/D0334.json,JSON,594,50bdf60517f9b04323e9dd2268f072753936a220b87d11e890485e9d4c20f4bb
D0335,09_physical_v1,data/09_physical_v1/D0335.json,JSON,4414,1dc0784dd7a248f8e25ae3e7cc4d46dd139eab0d6822e24f0d0b3b101429708a
D0336,09_physical_v1,data/09_physical_v1/D0336.json,JSON,106924,caf87ace1302401347c6cedbd8e6784aa34ee7e0ecd2777c11b1dd3fab5b5849
D0337,09_physical_v1,data/09_physical_v1/D0337.json,JSON,594,61acf334a0ce17ded1035719beb31b497934d478a524a35ffb465753099193db
D0338,09_physical_v1,data/09_physical_v1/D0338.json,JSON,4423,1cfff45f1bbcb03cc1dff25fb3f6b38a6af0d14b15be7d9bd0d43ab21b217773
D0339,09_physical_v1,data/09_physical_v1/D0339.json,JSON,65463,d1d93fc5ff7f57dfabaf9ccadfda46eb92889e231d3e0d2b483b3108fd709cf3
D0340,09_physical_v1,data/09_physical_v1/D0340.json,JSON,594,f5de2788a90143ac02de2a1dbcc4880c4dbd311903c4627a2988bcc0737b36a3
D0341,09_physical_v1,data/09_physical_v1/D0341.json,JSON,27415,090fe75d4ece7897a14e64f8f905dec3a4f34ce540bf7aa342b96be493b1a83c
D0342,09_physical_v1,data/09_physical_v1/D0342.json,JSON,584,58d63e47a0db0df790951b677f993626f2a48e8f51b954a994d01703f7ce2204
D0343,09_physical_v1,data/09_physical_v1/D0343.json,JSON,28736,d9724015e7ce39a7f86dab4f824ac79dfeeb555459424032026a74ca8404f583
D0344,09_physical_v1,data/09_physical_v1/D0344.json,JSON,585,9efc812556fc993186797683e54b01e955b205ba0363bec3caa8108d8f611778
D0345,09_physical_v1,data/09_physical_v1/D0345.json,JSON,6932,a1684645226c53696b34bf4bd269e7ae2715f81f15278a3008efa1b2c420d038
D0346,09_physical_v1,data/09_physical_v1/D0346.json,JSON,8184,d1bbcdfc6c7e29280eb49e2e786ed211556a4681b3fc2e4afbb37a913affb394
D0347,09_physical_v1,data/09_physical_v1/D0347.json,JSON,2728,ac4f472312bc27aa9790e904d0e8c928812725eba98ffbc026ac991485d8e3d1
D0348,09_physical_v1,data/09_physical_v1/D0348.json,JSON,587,df6242744c40f9961cef6b3165b909b782019bf64ea064c99e8c16f4d9b20814
D0349,10_physical_v2,data/10_physical_v2/D0349.json,JSON,4421,68c80606df6a595ddcf5d58a42a6770b5adee3f87ffbb4f07ce332a040b9e9fc
D0350,10_physical_v2,data/10_physical_v2/D0350.json,JSON,194769,8573ada4aead3620c6fc9a01ac4412cc94de57a625a0adaae07565ea444a84a5
D0351,10_physical_v2,data/10_physical_v2/D0351.json,JSON,1022,a02702c619606459b0a334ace0b524e527b830bb8a160347acc6cec264f67ee0
D0352,10_physical_v2,data/10_physical_v2/D0352.json,JSON,4410,503cd00fbb16665c3245a6d5231edf9a48f21fd7c1cb416e7abd16e36f23f901
D0353,10_physical_v2,data/10_physical_v2/D0353.json,JSON,109303,2a77d6a4db1360f60da37c66f45f8ec4ef9896ee6b3cebf94a0267e55f46eb2c
D0354,10_physical_v2,data/10_physical_v2/D0354.json,JSON,1022,434bb9a639a4c6285e60c5c034ca47a0e233d82e5b0270315ff1845628678137
D0355,10_physical_v2,data/10_physical_v2/D0355.json,JSON,4404,2f6a9090c1f43aea86ffc52bfc0d806591caf2b0e9e0a1d165f9465b16ef03b2
D0356,10_physical_v2,data/10_physical_v2/D0356.json,JSON,66904,6a485b74d6cf7c85acd2b193b785ccd448383b2cf44cde91cd7988f8fc504c27
D0357,10_physical_v2,data/10_physical_v2/D0357.json,JSON,1022,a900bcab4f577c2408cdab359ff9b7a09f66694aa0a2b94bd8a185ca6c054b93
D0358,10_physical_v2,data/10_physical_v2/D0358.json,JSON,27872,e47832325afa815c4e7395c39b83fd9814bb4bc46188d3f691d15691dfd95601
D0359,10_physical_v2,data/10_physical_v2/D0359.json,JSON,1013,8b9df0a6c21b70845403fe63f5ee75d55ce376901083c3915e814fefde2f0040
D0360,10_physical_v2,data/10_physical_v2/D0360.json,JSON,27873,67359ce7865e9a0d16a512952a72f384d2422e7a98e28bb6b161789ae608543a
D0361,10_physical_v2,data/10_physical_v2/D0361.json,JSON,1012,da0bb8aa796d4bfdf4dbf052b7bfd92b17f27099fc1eb35d7de2fa8f57b36446
D0362,10_physical_v2,data/10_physical_v2/D0362.json,JSON,29201,8b2fb8af3997d73e9c5f27438acab7cd358ad5a948a3235da177f542ea6fba0f
D0363,10_physical_v2,data/10_physical_v2/D0363.json,JSON,1013,b83f21f1431931aa12a8162b332222cbac49019fdc592f5786ca31abe1d02e06
D0364,10_physical_v2,data/10_physical_v2/D0364.json,JSON,32005,14f4acd12f3ddd0897df98205b0f3f49a4c890ad8b52c220a677c5cdef02439c
D0365,10_physical_v2,data/10_physical_v2/D0365.json,JSON,1013,3c1515b4a314661d33a9943834031990620f5396b7cd2bfa139bbad610bd3e5c
D0366,10_physical_v2,data/10_physical_v2/D0366.json,JSON,27839,cf838008da1f1456e3d71b282f7a87ff3a22cfd1abea1c68cb810818de897031
D0367,10_physical_v2,data/10_physical_v2/D0367.json,JSON,1012,38de0a4782a3f3e8e5b593a928d0d97497e5a79375b98c8012abf43045834307
D0368,10_physical_v2,data/10_physical_v2/D0368.json,JSON,6850,3c8de536397f8a47952a0974f16be48a16666db1e49487e788a12515e67bb07a
D0369,10_physical_v2,data/10_physical_v2/D0369.json,JSON,199686,4cdf4ffc802f06801999c098f5ca2ed31fb75cb62dc23e1d1e88f1e2788a95c9
D0370,10_physical_v2,data/10_physical_v2/D0370.json,JSON,2726,9a77f9ff20e751d39f399695619fe78d9c34d9f9be413b8ff33fdf6744f9f1d6
D0371,10_physical_v2,data/10_physical_v2/D0371.json,JSON,1014,eda90ceeaeb2cc1ef2a04e95e40f33e405fc8e60a15ca74d50e53088a27e16e2
D0372,10_physical_v2,data/10_physical_v2/D0372.json,JSON,6977,e7637fb598b9ff3e3242bd6f97dc24d2e30ca0ed576ade6c42fc2f34dd291f60
D0373,10_physical_v2,data/10_physical_v2/D0373.json,JSON,8728,883a47b2b3152c7dd9f26cdd54f46d6bd10fb3014ac391323bc5910d336cc728
D0374,10_physical_v2,data/10_physical_v2/D0374.json,JSON,2728,d38e80b8aeabe116586f90b6c43bd633f7a1d418b163924657be8be8adfd3107
D0375,10_physical_v2,data/10_physical_v2/D0375.json,JSON,1015,f99c4631d10cad22b46b284fd3056a918ab859aa81fa897700d6ebc7769f5a79
D0376,11_physical_v3,data/11_physical_v3/D0376.json,JSON,16035,c9cdfa90c7f26f007c87f7d147fdabc4a668d15ff47ae19271369227915c3f26
D0377,11_physical_v3,data/11_physical_v3/D0377.json,JSON,3870,f2a12b32d18614e6d5132aa6e01f39742f64004af7fef55b9b42f93dee24afed
D0378,11_physical_v3,data/11_physical_v3/D0378.json,JSON,4275,e6aefcee54f7b1757a6e1313a333b0112a0f2270864a1c7ed87d18ba1d3cd263
D0379,11_physical_v3,data/11_physical_v3/D0379.json,JSON,1099,1202d33f1b6413100a4b08a7c90b6b1b4be9a7bc80428fdfab8e2b6f7f336c3e
D0380,11_physical_v3,data/11_physical_v3/D0380.json,JSON,161,e402a8a129c861cf2775ca5d51c6f0a8be07c27f96adad3c5b6b67cd7b81e6e9
D0381,11_physical_v3,data/11_physical_v3/D0381.json,JSON,596,f7932488ff57a9c67d0bcf3bd21aee9289986378860ec4c8c5f32bae21a37bb5
D0382,11_physical_v3,data/11_physical_v3/D0382.json,JSON,8037,4beced1acb18de9fe5cbed2539557d3ef2a9d2ba9bc121cca215fda9bdc4d24f
D0383,11_physical_v3,data/11_physical_v3/D0383.json,JSON,9587,2ae11fb15331ff276cfc04a299279c837778890f82d821fb716c332e8f9e0842
D0384,11_physical_v3,data/11_physical_v3/D0384.json,JSON,7474,f62da45889dafb32a5db352fcc32cd0fcbeddd70214d395f04fdeefb5930edd9
D0385,11_physical_v3,data/11_physical_v3/D0385.json,JSON,8973,ca01c2a7bd75767037bbc1265a53160dc550e0ba1d50229f2f1405e697389234
D0386,11_physical_v3,data/11_physical_v3/D0386.csv,CSV,1835,ea9e62fbdcc6435acdcc5e9561a4e2bb8168c44202f1bd4776d88589c6dd6035
D0387,11_physical_v3,data/11_physical_v3/D0387.json,JSON,6843,80bfeb2bf0afe98ec923c2ecfa7449cf02668e9e7e74a05b5674f2f37bbaeff5
D0388,11_physical_v3,data/11_physical_v3/D0388.json,JSON,663617,0cd9cba1ee94077bd924c325aec695d9f9458a0070fafd91d860df1861f32bb1
D0389,11_physical_v3,data/11_physical_v3/D0389.json,JSON,2728,66f72c20f59be6df027312b79ada8f264b5ec56e90ad847feae204e7c947d799
D0390,11_physical_v3,data/11_physical_v3/D0390.json,JSON,1016,6f58c70cd3a670ef2c64ad8a2b489383d7acd423f7ee49633f79d5be1b4a4b8a
D0391,11_physical_v3,data/11_physical_v3/D0391.json,JSON,6821,2dddc5ad4ebb47936437f3d9c464c881c53b9645fd80d7c5c44e9b23cb61e783
D0392,11_physical_v3,data/11_physical_v3/D0392.json,JSON,480363,5d7f42e7fbaa2f687b23c4fdb169c9d2f137797bd5e1b4eb1503f7a750a10b8b
D0393,11_physical_v3,data/11_physical_v3/D0393.json,JSON,2728,ad0a5f5263cde9c56daf9d6dd5664f1010ab6f95eccf4d77d9bb120fbce2a89a
D0394,11_physical_v3,data/11_physical_v3/D0394.json,JSON,1015,27a196cc1b37e436d1d4ca6f6480ddfb4a665c0367aacadc985fb56652e2be49
D0395,11_physical_v3,data/11_physical_v3/D0395.json,JSON,6848,4b66738c2198dd7d895904ed005c0dc6881a28d000e7f7c7f4fc6bd270d1bdb3
D0396,11_physical_v3,data/11_physical_v3/D0396.json,JSON,254154,31780f3a0d3171f78171e8dd257422910334b03fb771b5323f22d3a5ede07c36
D0397,11_physical_v3,data/11_physical_v3/D0397.json,JSON,2728,aae0fbb50f588b71749713171cdb21920b800a28829f9c7bfc4c5e4a61542a7c
D0398,11_physical_v3,data/11_physical_v3/D0398.json,JSON,1015,bc6f869c6275d88524486548a29507e264044e44d23f56ff3e4ac8cddbc3bf57
D0399,12_joint_v4,data/12_joint_v4/D0399.json,JSON,1139,87a86a28b150cf69fb4cfa58c49cba129ea6d462b46fb2c2b2bd8efd3499cd28
D0400,12_joint_v4,data/12_joint_v4/D0400.json,JSON,821,9a0cf4cdd96e1918918da781541b97a66bdb1451d5861fb50a204e7a2148b332
D0401,12_joint_v4,data/12_joint_v4/D0401.json,JSON,636,4d9ce0e71445867f50837483f1e76232340e49b6f63609113719c01c5ecddab3
D0402,12_joint_v4,data/12_joint_v4/D0402.json,JSON,1043,2a791af42156176d1e2c36d21d89d3a610e9a6e2b9a98d4804c5bca071da5fac
D0403,12_joint_v4,data/12_joint_v4/D0403.json,JSON,278,494b82a27f3b57c6d539a9f2b524098191592e670d15250227f3381ee5f4b9e9
D0404,12_joint_v4,data/12_joint_v4/D0404.json,JSON,13173,c8e3fc9cd4dcd2847922903bdcc05c56e35e4d5de63fa8a3415bf27576dac6d6
D0405,12_joint_v4,data/12_joint_v4/D0405.json,JSON,6478,e016f2c01b167e399d715803e0b2e4c0a3574970e14f02401eda2bde2c475035
D0406,12_joint_v4,data/12_joint_v4/D0406.json,JSON,593,79a184448cc2da51b6784fa2480acacafe8367c7451e372dea613797f452642c
D0407,12_joint_v4,data/12_joint_v4/D0407.json,JSON,12834,37309b8fd7d16dfc6561ad06e57e63304a506f60437f64aeed225a85afb77ad0
D0408,12_joint_v4,data/12_joint_v4/D0408.json,JSON,508,f6121783dcccc8c3cdd7795072ad38756cf12610db8192546e7b54127d73ae05
D0409,12_joint_v4,data/12_joint_v4/D0409.json,JSON,18820,e112efa42ab223b0e5358ddc304d4fa8f2a4b39e767d212b7d0b436bd090d8b5
D0410,12_joint_v4,data/12_joint_v4/D0410.json,JSON,506,70e2f9de5382d8250217ad4c9a874ac483ddb1773f7cc93f1d34890b58bd99c6
D0411,12_joint_v4,data/12_joint_v4/D0411.json,JSON,18777,292aa23ed02e41ee05907d40a4af8b736e9a29dc827532790179b77999acbcc5
D0412,12_joint_v4,data/12_joint_v4/D0412.json,JSON,504,af700014cc78756912efa6cbd4bd60ee13949a5710afc39a5cfa43a8dfbdb0a6
D0413,12_joint_v4,data/12_joint_v4/D0413.json,JSON,18791,821b4b2fbd6041467c7b0fdd885d2ea422bfdd0b7cb72a53b4739970337b33eb
D0414,12_joint_v4,data/12_joint_v4/D0414.json,JSON,504,08a9bd58961b2fe6c8d0e89b15c96ca0857521eedfe30df2bcd28d1ffcc15854
D0415,12_joint_v4,data/12_joint_v4/D0415.json,JSON,21388,a8c7b4a908bca01f805e890fe0351cc79416f930c805f48072ed8cc2a89c546d
D0416,12_joint_v4,data/12_joint_v4/D0416.json,JSON,502,394576b63d050ab89efd97b9dea2511222d089c2eb2b1d0df0d728251afe3aab
D0417,12_joint_v4,data/12_joint_v4/D0417.json,JSON,17534,69373a66e00e278486b77b0d955aac2c70012378d253faea2a84187c514b20d6
D0418,12_joint_v4,data/12_joint_v4/D0418.json,JSON,574,1a635d3f8b3498294d26a423072d403f3627d044efcb5ab0af2867e146d5444e
D0419,12_joint_v4,data/12_joint_v4/D0419.json,JSON,12757,c6a0e4bc9433d84c57b4eb0aaee984fe7d1aa22375e4b63d22088e9a1ebffc53
D0420,12_joint_v4,data/12_joint_v4/D0420.json,JSON,574,0ba11657a92aea003774104fa83e8bfacf1eabd87ab6954dcb79259c420f1921
D0421,12_joint_v4,data/12_joint_v4/D0421.json,JSON,12761,8baf0e729ae15f9fdccaf58a97a95fc59165e5f6623879216b9899beeae081b0
D0422,12_joint_v4,data/12_joint_v4/D0422.json,JSON,574,0a7a6b7f13b0a0a631049e50b019a28a752db66959c4f06fe2008fa5765cd404
D0423,12_joint_v4,data/12_joint_v4/D0423.json,JSON,13975,d4655fef6cc48ee520f5e76a74dd414b65e9977e5982568c21c78c0aed518fe0
D0424,12_joint_v4,data/12_joint_v4/D0424.json,JSON,574,6754e56bff741d46111c62a0b14e745ea216a64bb6d6beb0e62023645842f59d
D0425,12_joint_v4,data/12_joint_v4/D0425.json,JSON,16480,e045271e1eeaf9e3ce987ebd6fbceabc4304d55821f9cc621a7eca36cdec1eae
D0426,12_joint_v4,data/12_joint_v4/D0426.json,JSON,574,adf1b577884984390219bcf546a1a2adde49e7c06fa7ad8b33bef5242ebdfc19
D0427,12_joint_v4,data/12_joint_v4/D0427.json,JSON,16490,378feb2656e89bb9df53965e364e0ff6e05058192a8279157ab71f9f508c9c81
D0428,12_joint_v4,data/12_joint_v4/D0428.csv,CSV,466,9056d23c2a8ad3a0ddb13d83c464bf9aebcfc16a0fc484c7796bef5bbfd17f55
D0429,12_joint_v4,data/12_joint_v4/D0429.json,JSON,578,8667b9b06790aebb1ef0b68abc1f3584f2e0c4150303de132ae9550ab532e028
D0430,12_joint_v4,data/12_joint_v4/D0430.json,JSON,13979,c73f12b03fe9ed3088646e14d400976415efbd195ea273c502cb997865d35322
D0431,12_joint_v4,data/12_joint_v4/D0431.json,JSON,595,064a4ca70c9963dd7580685a02a4569e527f2dc038b5d33016d9a8dda1d3e44a
D0432,12_joint_v4,data/12_joint_v4/D0432.json,JSON,14142,c486891d0fa088a9b0ca6f4ca77dadce94c25806e508eca0195108f7b6afc31f
D0433,12_joint_v4,data/12_joint_v4/D0433.csv,CSV,2229,b119d3086ce687132b4d8f883f951f5a313df00a3d5fa6cff0cc215a14d10531
D0434,12_joint_v4,data/12_joint_v4/D0434.json,JSON,571,f7ae053816ce8d8a35926351ddf6eb1f086bf0202f788a11baed8d227f3eaa7d
D0435,12_joint_v4,data/12_joint_v4/D0435.json,JSON,817,a7ac42ff9895aa37157c7d3e4ca801b34cc2dc52bd49e1e774c23db21d45bf1e
D0436,12_joint_v4,data/12_joint_v4/D0436.json,JSON,6953,881b58d03d85f8dc7af10705b3a0dfa5301cd7dceecca17a705cd4fc59478b28
D0437,12_joint_v4,data/12_joint_v4/D0437.json,JSON,3577,5c04ffde71692d3ebb69ac07554fdb5c6b8a079e97a95eb2880b3814974d7edb
D0438,12_joint_v4,data/12_joint_v4/D0438.json,JSON,622,d41e15b45388da60bc754ff9932697ee1944ba7fa5a72d304c065685b579fe64
D0439,12_joint_v4,data/12_joint_v4/D0439.json,JSON,532620,1f4bda8840ab17aa939a7b91e4b598a5fcf355054d5df4ea94f3719b3f27f996
D0440,12_joint_v4,data/12_joint_v4/D0440.json,JSON,6933,b81c762fcb337a19c3120dd8ec5a699f39487dd0cd87c19dc382778d5190735d
D0441,12_joint_v4,data/12_joint_v4/D0441.json,JSON,3577,4828b87cb3e484be26d5d3871a400442f92319cf08a439bb15e7b4d02582220e
D0442,12_joint_v4,data/12_joint_v4/D0442.json,JSON,612,a1d0d72ff147955ee3f520220d6816ed9065a25ec7fc584e630cbd3aa0c8b00f
D0443,12_joint_v4,data/12_joint_v4/D0443.json,JSON,531962,0d2acc00504eb90b75963ce5db8d34901920b5577150a43060793b5b8ab7964d
D0444,12_joint_v4,data/12_joint_v4/D0444.json,JSON,6834,85aa815fee3b66cfb20311a45099b48d03c911cccb1085809292df6af3631f19
D0445,12_joint_v4,data/12_joint_v4/D0445.json,JSON,3576,daa9e12ed2c98d06234aa9a3b6c2a34b9cf227328eac5984476fae8f539ba63a
D0446,12_joint_v4,data/12_joint_v4/D0446.json,JSON,630,972dbe3a91a43de2d109f89b373a8948e0190912047a22ee0fc9f72c9bf5a7e9
D0447,12_joint_v4,data/12_joint_v4/D0447.json,JSON,6984,b179295920b2422c604abab1069b6934e785d61c9197deeab57b875daacb8671
D0448,12_joint_v4,data/12_joint_v4/D0448.json,JSON,3577,08c741af7d0af16d66f492f0419b440dde07315b1ab3297c675d29164d83dde2
D0449,12_joint_v4,data/12_joint_v4/D0449.json,JSON,622,d49507717ed7ef46b2fa6660710aa6993ffeb830797a0ef5ccefa9cbd550571b
D0450,12_joint_v4,data/12_joint_v4/D0450.json,JSON,6818,51c51a5502d8d3f892a0e3ccf3bc4060720829da385f0bb7d53a8b24b2a65128
D0451,12_joint_v4,data/12_joint_v4/D0451.json,JSON,3577,102adfdc4d43869ea79ec783eb4e47534aba1bf4738545b99eb1e092990e30f3
D0452,12_joint_v4,data/12_joint_v4/D0452.json,JSON,612,b512b34977d27f820016328c37cf407da83cd857d5715fc60f157f064057a4e3
D0453,12_joint_v4,data/12_joint_v4/D0453.json,JSON,6906,03c904758d74afb6e4dbd5122299b63a304b571e530e64049f083a3491a023e1
D0454,12_joint_v4,data/12_joint_v4/D0454.json,JSON,3577,4bd0bb7dbc86b8cfda6c214482af2dff0173f0d18a91d1092198197e29e60c39
D0455,12_joint_v4,data/12_joint_v4/D0455.json,JSON,630,efd55b66d060eeb0b53bba075e6f6392cf4228d65907ed5e898ad2335b352330
D0456,12_joint_v4,data/12_joint_v4/D0456.json,JSON,13201,008672d35708896e8a6f69a0d393968f04dc4cb7bf9eadfe9a34884c4e391fc8
D0457,12_joint_v4,data/12_joint_v4/D0457.json,JSON,5294,677cad4ce7cff1ba7de2db64350bf4dd3955833948f97a86f2230225dc209f77
D0458,12_joint_v4,data/12_joint_v4/D0458.json,JSON,631,a0d1b78c1f1b0f243cce9d81e6dcb5f8b27775912855ea4ddd393acbaa7f54ed
D0459,12_joint_v4,data/12_joint_v4/D0459.json,JSON,13265,07c523c78ce66d6480dd1b8beaedbfdfc6dfec5ee08893cac30697b9ac99c3e6
D0460,12_joint_v4,data/12_joint_v4/D0460.json,JSON,5294,c425d1e0931d0883647fe64752361259af5f7bc027dab4c7ff78866df6aca987
D0461,12_joint_v4,data/12_joint_v4/D0461.json,JSON,630,b553dbbdd200a90cc7fcf05816b70558f047de1221c0d57339050354bd2d3f64
D0462,12_joint_v4,data/12_joint_v4/D0462.json,JSON,21663,39a389aa2047f0f8c1f5c9c9a369ea3e3389ae52383962d46b8622e7eca4de6b
D0463,12_joint_v4,data/12_joint_v4/D0463.json,JSON,7962,6279680af93763a0c6473a54cdb760336ec433a74aac795e3779108e036a4600
D0464,12_joint_v4,data/12_joint_v4/D0464.json,JSON,631,edd18695e891ab5b6f5eb134f28ebf38036cbf81b6fcea57600161d7943adba4
D0465,12_joint_v4,data/12_joint_v4/D0465.json,JSON,21570,38fdb164df6517f0300faa9418e63d81db0df7ff8b23dafd959007b35573e49c
D0466,12_joint_v4,data/12_joint_v4/D0466.json,JSON,7962,516691d470d0febf3d96a501fb792d0b8388937035c8d537a2a59aeb9415e16c
D0467,12_joint_v4,data/12_joint_v4/D0467.json,JSON,630,e8487ee74663c8b0422b86b0c936d7be86b9fa3df239bc3d176119e729925541
D0468,13_joint_v5,data/13_joint_v5/D0468.json,JSON,654964,2a5151cde1514c5c1a6819bcdf6d780b73a972671d289d6ad982dd03d3f3d4fd
D0469,13_joint_v5,data/13_joint_v5/D0469.json,JSON,257383,a782ec3bdfd84a6fc1b4f38acfb868ebe3327cc715e26d16c3367a908e172456
D0470,13_joint_v5,data/13_joint_v5/D0470.json,JSON,275860,a6df56ff7f2395d9cd5064b989276dd8d732a3a8538c7878e1351ff930f33a6d
D0471,13_joint_v5,data/13_joint_v5/D0471.json,JSON,182283,f77b0b9b7cff1d81ef9e05f601ae7de73c2171a980d1e750ef6f5246e1bf8b37
D0472,13_joint_v5,data/13_joint_v5/D0472.json,JSON,649053,d1f05c0d5650fae36982da4a536ca28ea35d900b79b21ec09838b01db1299ee1
D0473,13_joint_v5,data/13_joint_v5/D0473.json,JSON,209381,b30bf784c1df2d0dc06ba050ca3bfa29677cb682fb79ea8bceb8fce7655a49de
D0474,13_joint_v5,data/13_joint_v5/D0474.json,JSON,404367,0037c68b71cdf62adcbdf765b6b261779fa96d487b853adb0eb5abc204d65da9
D0475,13_joint_v5,data/13_joint_v5/D0475.json,JSON,268,9eed68204fde1fae7a4995025309674305bc36a92718657e3bf7a1a76d288ac1
D0476,13_joint_v5,data/13_joint_v5/D0476.json,JSON,889,2eb38a952fa76bcebd948902c444dd987ee644b72e8b60e0b514739fb977c7e5
D0477,13_joint_v5,data/13_joint_v5/D0477.json,JSON,1872,f70e6f90688552897c7e72a3e66b811d64021cd002c74f077501740fd7985478
D0478,13_joint_v5,data/13_joint_v5/D0478.json,JSON,272,6b8caa6fe68909f3f373187fc6d4af149dc5bb9b132f8f273eec0c70a2436975
D0479,13_joint_v5,data/13_joint_v5/D0479.json,JSON,2087,d78ecc56666d92c5daf21cc63411115710d46914b7ed09202f81d3cdc81c0163
D0480,13_joint_v5,data/13_joint_v5/D0480.json,JSON,787,c6ec2b4bec2c0b51e4a13f844e4100cdaef11afac9bb168c9bd734a3dd2c8130
D0481,13_joint_v5,data/13_joint_v5/D0481.json,JSON,32829,464ad4e0e0885829de5d1bb606d5039cb6bda680d2a17b2b7c386d0b8461af57
D0482,13_joint_v5,data/13_joint_v5/D0482.json,JSON,6505,15bf18e61972edfa4c2aba8dad53a1766f5e6de77952fb6391c27d2a7c39c8b9
D0483,13_joint_v5,data/13_joint_v5/D0483.json,JSON,573,0c81c922283dc3d3f2539034b07e48ae1b37e7d7b7bbff03c66448c77b7bb867
D0484,13_joint_v5,data/13_joint_v5/D0484.json,JSON,16522,1572ad11c588b1907062462bb833beb5fde8dbb745caed5a407b8c555748a754
D0485,13_joint_v5,data/13_joint_v5/D0485.csv,CSV,696,4b21dc6aaf6ac94fc6a3787e188c5329b3617f2d291ad007abbd0b3025c07111
D0486,13_joint_v5,data/13_joint_v5/D0486.json,JSON,362,ee86690b954bfe6bb4f84ede860d65beff7800d9fe5aa974ef99799421ffe4b2
D0487,13_joint_v5,data/13_joint_v5/D0487.csv,CSV,2229,b119d3086ce687132b4d8f883f951f5a313df00a3d5fa6cff0cc215a14d10531
D0488,13_joint_v5,data/13_joint_v5/D0488.json,JSON,573,6e7ef69fd224a641537b0a98b9425bba1d244cdbb35b987e64afb2eb9df3484a
D0489,13_joint_v5,data/13_joint_v5/D0489.json,JSON,23933,29068199487fb9f029d66f5092b9f2c8991413d0b37f3de7974813e2698f1a61
D0490,13_joint_v5,data/13_joint_v5/D0490.json,JSON,571,2caa13498c04f2a6c58264f8ad6a68d6a07b4cf9dfbcff248d8b194004449b57
D0491,13_joint_v5,data/13_joint_v5/D0491.json,JSON,18950,254bf2478cd06d2441c77b74b2133d39f0a7dedb06b2956d2edd5b1d17b75c8c
D0492,13_joint_v5,data/13_joint_v5/D0492.json,JSON,322,7cf92f7d6f3582e9378daa3e96d18dba1f08c98b984e100dbd84848910ff27f0
D0493,13_joint_v5,data/13_joint_v5/D0493.json,JSON,817,a7ac42ff9895aa37157c7d3e4ca801b34cc2dc52bd49e1e774c23db21d45bf1e
D0494,13_joint_v5,data/13_joint_v5/D0494.csv,CSV,443,e15ded69a5c0e780fca8ae11808218e7daf6fede189d9569de519f57dcba3a74
D0495,13_joint_v5,data/13_joint_v5/D0495.json,JSON,8358,463cbd38618524c793a1e4fe8598125872852d8a8df5c09f49b0237ee3cc5398
D0496,13_joint_v5,data/13_joint_v5/D0496.json,JSON,853178,7d9592f9aaa17468e52f95232f54f20e5bf3fc7e42e813a0bc7309aa73de1437
D0497,13_joint_v5,data/13_joint_v5/D0497.json,JSON,6944,cfe12878907951b90b2f2f85f0789190600895648e2c20835d2f8305582aa52d
D0498,13_joint_v5,data/13_joint_v5/D0498.json,JSON,3576,64b48e7748fb3559826ae59f663419915d16366544b10e5f3db96725da6d0fcd
D0499,13_joint_v5,data/13_joint_v5/D0499.json,JSON,623,7505ba1bf4fad5ecf82a37327cd792f1b10af71d7bf06495a9ba915b8cfdbc76
D0500,13_joint_v5,data/13_joint_v5/D0500.json,JSON,849774,739a7600300f84a8fcefc8fd75a634ab73bb5fd5405d899157f37d51b70afcff
D0501,13_joint_v5,data/13_joint_v5/D0501.json,JSON,8339,361ea40883201d2f341a3c3b407f2a2dbce0652dd36fd2b297f5411c9484bf0c
D0502,13_joint_v5,data/13_joint_v5/D0502.json,JSON,853208,7ea204d79e02b44242c73eb82fefa1dd52e2ec18ead1f19c66d62b7da83a1e20
D0503,13_joint_v5,data/13_joint_v5/D0503.json,JSON,6941,08b1a99afb02ba104324076e0a12784305c835c4c9393ed12bb0a2a90aaa829a
D0504,13_joint_v5,data/13_joint_v5/D0504.json,JSON,3577,e3ad46540559536a0ab21ae0d337ce43365fd6d4de6ad4bbc00a0b9f8e2c5a6e
D0505,13_joint_v5,data/13_joint_v5/D0505.json,JSON,613,439b675b52107ce65b4c24437b433876573eaee3d7db56dba570b4eadd212421
D0506,13_joint_v5,data/13_joint_v5/D0506.json,JSON,849801,de199cd5f67fb63129a7ac5e1a32e9acf9b84abb2ded0a687eb637afe986b823
D0507,13_joint_v5,data/13_joint_v5/D0507.json,JSON,8266,c594d87c5728fba71e9b636cd9f37ed03205cb39ddaf775fda8eca0ad2e56361
D0508,13_joint_v5,data/13_joint_v5/D0508.json,JSON,848660,51148a8e525e3d7a7ec24aaf5437550195f4d9ac5d5b08041479408ce3060901
D0509,13_joint_v5,data/13_joint_v5/D0509.json,JSON,6815,5c0ac7ef3e5b34de338d177367a1a9829a46fff1eebc679c7bf479fd4ec4d19f
D0510,13_joint_v5,data/13_joint_v5/D0510.json,JSON,3576,f4f2b64b9462454e901e2f1d6a1111df0bbeee94d65efeb0e8c6a28e47820167
D0511,13_joint_v5,data/13_joint_v5/D0511.json,JSON,631,74bbbe0d67494d788b399fd849d7ed3656f9aca566a7ccacd498ced0c5dd92e1
D0512,13_joint_v5,data/13_joint_v5/D0512.json,JSON,845395,15578302736f7c448c6beda2489b09be0e52496290732da09e89f03b944e8709
D0513,13_joint_v5,data/13_joint_v5/D0513.json,JSON,8296,01cca52b91fece68c076f3c782544072df6e5a3e39dc09c1e07943ddfe21647d
D0514,13_joint_v5,data/13_joint_v5/D0514.json,JSON,535734,b8f6a43c32efd5c16f9a733fdee00cce653023eeaa4b53f6300f7872f94cd3e7
D0515,13_joint_v5,data/13_joint_v5/D0515.json,JSON,6951,2a26704f0952a6c882008a1c76b64cdac9949dbde172672b08dd35e9e6bf3319
D0516,13_joint_v5,data/13_joint_v5/D0516.json,JSON,3576,a9094d2505442a627d1afe747b289cbc7c118ae0cdd7d325fe573251c2110517
D0517,13_joint_v5,data/13_joint_v5/D0517.json,JSON,622,49c7cf94690b4501a355c96d57892f27c9311ec3916cd98f02d0266b24d383cc
D0518,13_joint_v5,data/13_joint_v5/D0518.json,JSON,532312,80f040c1e36c0c0d8ac2d0ee8d7d391563441b45cf260ac3e6bf284e8c58096f
D0519,13_joint_v5,data/13_joint_v5/D0519.json,JSON,8340,1442782f699155cb0f05c9faeaec1a26c990deacd51fba2c3ee0db06eab8f709
D0520,13_joint_v5,data/13_joint_v5/D0520.json,JSON,535600,e53f8e8c12d029d70dc9caf06b02da70f9709e5742f3c180cfbeb7c0903e4c09
D0521,13_joint_v5,data/13_joint_v5/D0521.json,JSON,6947,b14f8ad7aea3729d4afe74f3226302bd46f3c8e79c53e5f541b9ebf0e97f7b5d
D0522,13_joint_v5,data/13_joint_v5/D0522.json,JSON,3577,13eea57ea824f832ffb32ed38a5c3ec4232e7d5fcc10863f60c05a5400d34da0
D0523,13_joint_v5,data/13_joint_v5/D0523.json,JSON,612,9bd6a1ce8c5c665211864429ffbf3c54cb1b14687f8c2126e62c52b0b6af3aa2
D0524,13_joint_v5,data/13_joint_v5/D0524.json,JSON,532187,dd8ed5ffcfa932773851584e9f3fc879743555280a3ec66fa66b402829667fbf
D0525,13_joint_v5,data/13_joint_v5/D0525.json,JSON,8225,5529e7669e327a2ab61811018069b5e5c97d51c59296621d35c662a6829571b3
D0526,13_joint_v5,data/13_joint_v5/D0526.json,JSON,531965,fcc401f93e8b253bf76d9c8ef960c2fc1fd3b1f344076170ca2de44e744ab002
D0527,13_joint_v5,data/13_joint_v5/D0527.json,JSON,6786,5c4bea4e05c230f7a1a95c9f31cc8316b38e0d5926756d529e3e10f200e5c457
D0528,13_joint_v5,data/13_joint_v5/D0528.json,JSON,3577,6610987a256417bf29d8931751e4a0179c3db5f150ce36892f490171cf980a22
D0529,13_joint_v5,data/13_joint_v5/D0529.json,JSON,630,0a89092eaf290951350865f62b92c12839aac13c89011bde36d3f4f08657594b
D0530,13_joint_v5,data/13_joint_v5/D0530.json,JSON,528721,1e2a35bf55a71784fe1a18a3be0fd6bdde62342b5662ffaec4ad724c7270e1e3
D0531,13_joint_v5,data/13_joint_v5/D0531.json,JSON,8311,07f068b6924e3d528114c670cc6f6baba311b08d1abec3562a060366264c7656
D0532,13_joint_v5,data/13_joint_v5/D0532.json,JSON,289777,4d57a7a50b3e9a58dc9a1d7860e4f7225bfa8dc9cd7519cab6dc0932ad381a89
D0533,13_joint_v5,data/13_joint_v5/D0533.json,JSON,6950,f84d26d3a6ff7e2cbfe8f371f0182c6c888e4bfb0424ca69257f894c24a7a6ac
D0534,13_joint_v5,data/13_joint_v5/D0534.json,JSON,3576,ecf2e77b2f16c7649c654ff84de0c348983df334ecd50ed972f052f7fa2e6a14
D0535,13_joint_v5,data/13_joint_v5/D0535.json,JSON,622,5775a468b76bd72e3b884d55f0bdd29c70042cbb3a32decf843d7c7c33114f50
D0536,13_joint_v5,data/13_joint_v5/D0536.json,JSON,286220,447a90cdc74b9f3809774df0e7e4744c0d2ed6947a92ceacf596dada922f3a1d
D0537,13_joint_v5,data/13_joint_v5/D0537.json,JSON,8313,bc80f7dadb052e395ab0dddc7a1660b8ddbcd764b672a06cda579848ee65792a
D0538,13_joint_v5,data/13_joint_v5/D0538.json,JSON,289833,af8f79829ec475c5b3dfba74ca2f1947b01b8695d6308f63065167a8466fb4d6
D0539,13_joint_v5,data/13_joint_v5/D0539.json,JSON,6959,6182d0d5e8e15e786b0303d75db86e6a730b2dc60d3604e5ba28345a5cb49b1c
D0540,13_joint_v5,data/13_joint_v5/D0540.json,JSON,3577,89a1c630ade1cfd1af995ba20503e89820ac3bad9bd0ae4abfd85b180ee2baf2
D0541,13_joint_v5,data/13_joint_v5/D0541.json,JSON,612,77972c5a51c156b001d4b8ffb52e5f9609f8a47e4aaa477df18ed9b669dbb8db
D0542,13_joint_v5,data/13_joint_v5/D0542.json,JSON,286230,b44a103c90d497ea8a2c07c0a56a527fccfc86c926c9730f172596b1678dc3ce
D0543,13_joint_v5,data/13_joint_v5/D0543.json,JSON,8249,5b5d1cc44c145769bc9874d8a01c392893320e52eb7418452b383baa8e95040e
D0544,13_joint_v5,data/13_joint_v5/D0544.json,JSON,301504,e3d58bfbac07689ac8f2cedc972dad5096af1419d48419bfa4dc68aee6f833d5
D0545,13_joint_v5,data/13_joint_v5/D0545.json,JSON,6823,3a9a451e7ca06de304910830ffe3a5352ae18b55d318688abd9a16e9458a5318
D0546,13_joint_v5,data/13_joint_v5/D0546.json,JSON,3576,d3b26572a0081257139f081b021bb22ccdeceb92ef42fbf22ddcf14855efad03
D0547,13_joint_v5,data/13_joint_v5/D0547.json,JSON,630,95f5e0db26589cc8c672f5cee813910aae3101599fcd6540c163f9c718029f2d
D0548,13_joint_v5,data/13_joint_v5/D0548.json,JSON,298112,88be482bf0affce99ef4d4bb5a37b30c2ec250428f85b8216d0d4e3820f48b94
D0549,13_joint_v5,data/13_joint_v5/D0549.json,JSON,15072,2f1d0be93a6213396861afd5b0021abaadb00c2c1e78eea03bc8236e477ff1a4
D0550,13_joint_v5,data/13_joint_v5/D0550.json,JSON,257383,a782ec3bdfd84a6fc1b4f38acfb868ebe3327cc715e26d16c3367a908e172456
D0551,13_joint_v5,data/13_joint_v5/D0551.json,JSON,13246,b8329932465c3941846dcb030a0562bb8443a688fc4562bd91b0b235df30281e
D0552,13_joint_v5,data/13_joint_v5/D0552.json,JSON,5294,c57c6c12798a2f032a4b13204f5972aa77c9b815f6b6dd9e1940e294a96ff90f
D0553,13_joint_v5,data/13_joint_v5/D0553.json,JSON,630,a32095942a43fab8603cb804c6532c1deea8890c905eb3eab7e7266a233f9945
D0554,13_joint_v5,data/13_joint_v5/D0554.json,JSON,15028,e4d14141fa964784c0b7acc82b421154af0c7a06a470e8fa081fe3f0873dda9c
D0555,13_joint_v5,data/13_joint_v5/D0555.json,JSON,15006,5929d8f8eb5cd960f2d79fd00c89942dfc36bb8099ca619d6be97c589c5cb75e
D0556,13_joint_v5,data/13_joint_v5/D0556.json,JSON,668709,16b4a168d9735e84a592968a488a891f34597d8ed44f62bf4a5d015b49e48e8d
D0557,13_joint_v5,data/13_joint_v5/D0557.json,JSON,13156,2133c42ee13b2eb6078339da1b9f6d0c70d3eee33ea4c17f6eadea396bffe528
D0558,13_joint_v5,data/13_joint_v5/D0558.json,JSON,5294,edf2663359eb2127455e1a55b43bf2144ed56611e97d26aa8f07de8291f114bf
D0559,13_joint_v5,data/13_joint_v5/D0559.json,JSON,629,6dc20ccb7c79bc83982141bdf079f89f355e1e6b3760a81e636e21efc81461b1
D0560,13_joint_v5,data/13_joint_v5/D0560.json,JSON,658850,fdce573322a6fb41923c4bb1c57af574c8d8231996f799755a18b0722a85e7f8
D0561,13_joint_v5,data/13_joint_v5/D0561.json,JSON,24028,c182f72e167b1fa8c09d681b1fa11b59bb9902716d75a375b681f76858505100
D0562,13_joint_v5,data/13_joint_v5/D0562.json,JSON,182283,f77b0b9b7cff1d81ef9e05f601ae7de73c2171a980d1e750ef6f5246e1bf8b37
D0563,13_joint_v5,data/13_joint_v5/D0563.json,JSON,21578,fd83c5f50e32904e3fdaa844736ae67d53585539545c27168b92eaa5382406cc
D0564,13_joint_v5,data/13_joint_v5/D0564.json,JSON,7962,e6cc0274452d9d20cb8e5103676028331e58d946402e57d6cf49bc9780742b2b
D0565,13_joint_v5,data/13_joint_v5/D0565.json,JSON,630,951a97f439d9c5a1cdaa65634b0c77c8889deea3d5e00393cc09ff25f059fea1
D0566,13_joint_v5,data/13_joint_v5/D0566.json,JSON,23996,ac64bfcf28c3451e069d0224a5f9b21bf1f5e8d46a547632baad187e0a7585e6
D0567,13_joint_v5,data/13_joint_v5/D0567.json,JSON,24107,abf28cc017dfc54236acdcda88d6f5ba539339d5fdee7dcbff3e0deecfb9959e
D0568,13_joint_v5,data/13_joint_v5/D0568.json,JSON,649053,d1f05c0d5650fae36982da4a536ca28ea35d900b79b21ec09838b01db1299ee1
D0569,13_joint_v5,data/13_joint_v5/D0569.json,JSON,21660,e281806c2a595087b0a3bac7e49543d4db19ae70987589d87f1eb2286c0b2673
D0570,13_joint_v5,data/13_joint_v5/D0570.json,JSON,7962,e43fa639c66f73203a6254c1257a26f5f5caf7a4c6f8cc4c0b12b96575d6b062
D0571,13_joint_v5,data/13_joint_v5/D0571.json,JSON,630,9502f705af42c7e47ada810d8ee70840bf2006816017d750279c9490b3c0f1c4
D0572,13_joint_v5,data/13_joint_v5/D0572.csv,CSV,4616,983cd1bb221f0fc25205fcdd19b4f6802a6ecc7cda4ea37ccb92830c1cfb5fd2
D0573,14_wing_baseline,data/14_wing_baseline/D0573.json,JSON,40758,c21cabfde15068534b1f1cb55b443cec99f13bc4e89bd88834411c7d746dd220
D0574,14_wing_baseline,data/14_wing_baseline/D0574.csv,CSV,1192,c4a464adcc51b81fe82abd105e93e92f1bbd85fb40b7687ca8f6a71271c06abc
D0575,14_wing_baseline,data/14_wing_baseline/D0575.csv,CSV,3384,f6ff92ece7969ac7056dcf074bd86cbc7c873b8731a87e42817e9a4d1fa5b5a0
D0576,15_continuation,data/15_continuation/D0576.json,JSON,51086,c094aae9afdb0a0cc5a4d5e35ce429d3eecc5c50f54b327c04daaf312c7491cf
D0577,15_continuation,data/15_continuation/D0577.csv,CSV,3488,dd112f970eed8ac6a952fb5f06d6317498f130065e7225d00ac9e460daa43974
D0578,15_continuation,data/15_continuation/D0578.csv,CSV,6839,e0d3be21522e4289dc11d679399ffd091272b6c554dd12de677964528ddc6480
D0579,16_event_energy,data/16_event_energy/D0579.json,JSON,9659,ad8f0fbf4261be7ab33afbbceb944cca89ba61ea0ba79dbe1bfc3cbbe0a7bdfa
D0580,16_event_energy,data/16_event_energy/D0580.csv,CSV,1346,799955dd9ebf8a97bafd706c68aeb9924f99167baa9c96401b6326c68ec7202a
D0581,17_weak_interface,data/17_weak_interface/D0581.json,JSON,21674,a883622269de1661b9a7789b04d5194982af295b9a201223510b718ad6546c9a
D0582,17_weak_interface,data/17_weak_interface/D0582.csv,CSV,6970,c7055cb639f14734f353a66ef9ff1526ad95b61f378646dd25b329dd2b0fde7d
D0583,18_surface,data/18_surface/D0583.json,JSON,12898,fc9f41f44fc81ffadf5740a3afdeea14897212f5bd5e05f23d26350fa43045b3
D0584,18_surface,data/18_surface/D0584.csv,CSV,1063,7bcc0bfc97d3fb16e2e7d160628c017e7080e5c36893a601f52c490e7069b1cc
D0585,02_historical,data/02_historical/D0585.json,JSON,511776,0184afd99b9b6bd222781f1c12560cb86f3fa268290864b0b8175667e63c70de
D0586,19_video_s1,data/19_video_s1/D0586.npz,NPZ,159668,c45a1379d746ee59d983b556235e88d0d7e0716039fcb33e3aae18a663b4f2fc
D0587,19_video_s1,data/19_video_s1/D0587.json,JSON,4905,f00c7f3d01721ad0985e45333a19b683b507f5d82353c7ec12c2af1d227dec2e
D0588,19_video_s1,data/19_video_s1/D0588.csv,CSV,1101,2b1038b8a0d25dde0af2f24716830d081cbfbbf51aa68d66ebe1c6d666643bb6
D0589,20_video_s2,data/20_video_s2/D0589.npz,NPZ,21417,d795101176568ba3382445c40e4989cd001e7cbd28c258b75d8709c4515b5260
D0590,20_video_s2,data/20_video_s2/D0590.json,JSON,52158,6b36ba96417dfd0b47769d73288b71321db5c1648312d0c7dc85eb9c5c2ee692
D0591,20_video_s2,data/20_video_s2/D0591.csv,CSV,11324,379296b4c51d9f075faa945abaa893d6e5faaa2121ddab0230d2818575ce4a1f
